player_id,player,pos,primeira_temporada,ultima_temporada,total_temporadas
abdelal01,Alaa Abdelnaby,PF,1991,1995,5
abdulka01,Kareem Abdul-Jabbar,C,1970,1989,20
abdulma01,Walt Hazzard,SG,1965,1974,10
abdulma02,Mahmoud Abdul-Rauf,PG,1991,2001,9
abdulta01,Tariq Abdul-Wahad,SG,1998,2003,6
abdulza01,Zaid Abdul-Aziz,C,1969,1978,10
abdursh01,Shareef Abdur-Rahim,PF,1997,2008,12
abernto01,Tom Abernethy,SF,1977,1981,5
ablefo01,Forest Able,N/A,1957,1957,1
abrinal01,Álex Abrines,SG,2017,2019,3
achiupr01,Precious Achiuwa,PF,2021,2026,6
ackeral01,Alex Acker,SG,2006,2009,2
ackerdo01,Don Ackerman,PG,1954,1954,1
acresma01,Mark Acres,C,1988,1993,6
actonbu01,Bud Acton,SF,1968,1968,1
acyqu01,Quincy Acy,PF,2013,2019,7
adamsal01,Alvan Adams,C,1976,1988,13
adamsdo01,Don Adams,SF,1971,1977,7
adamsha01,Hassan Adams,SG,2007,2009,2
adamsja01,Jaylen Adams,PG,2019,2021,2
adamsjo01,Jordan Adams,SG,2015,2016,2
adamsmi01,Michael Adams,PG,1986,1996,11
adamsst01,Steven Adams,C,2014,2026,12
addisra01,Rafael Addison,SF,1987,1997,6
adebaba01,Bam Adebayo,C,2018,2026,9
adelde01,Deng Adel,SF,2019,2019,1
adelmri01,Rick Adelman,PG,1969,1975,7
adrieje01,Jeff Adrien,PF,2011,2015,5
afflaar01,Arron Afflalo,SG,2008,2018,11
agbajoc01,Ochai Agbaji,SG,2023,2026,4
agerma01,Maurice Ager,SG,2007,2011,4
aguirma01,Mark Aguirre,SF,1982,1994,13
ahearbl01,Blake Ahearn,PG,2008,2012,3
aingeda01,Danny Ainge,SG,1982,1995,14
ajincal01,Alexis Ajinça,PF,2009,2017,7
akinhe01,Henry Akin,PF,1967,1968,2
akognjo01,Josh Akognon,PG,2013,2013,1
akoonde01,DeVaughn Akoon-Purcell,SG,2019,2019,1
alabiso01,Solomon Alabi,C,2011,2012,2
alarima01,Mark Alarie,PF,1987,1991,5
alcorga01,Gary Alcorn,C,1960,1961,2
aldamsa01,Santi Aldama,PF,2022,2026,5
aldemfu01,Furkan Aldemir,PF,2015,2015,1
aldrico01,Cole Aldrich,C,2011,2018,8
aldrila01,LaMarcus Aldridge,C,2007,2022,16
aleksch01,Chuck Aleksinas,C,1985,1985,1
alexacl01,Cliff Alexander,PF,2016,2016,1
alexaco01,Cory Alexander,PG,1996,2005,7
alexaco02,Courtney Alexander,PG,2001,2003,3
alexaga01,Gary Alexander,PF,1994,1994,1
alexajo01,Joe Alexander,SF,2009,2010,2
alexaky01,Kyle Alexander,C,2020,2020,1
alexani01,Nickeil Alexander-Walker,SG,2020,2026,7
alexatr01,Trey Alexander,SG,2025,2026,2
alexaty01,Ty-Shon Alexander,SG,2021,2021,1
alexavi01,Victor Alexander,C,1992,2002,5
alforst01,Steve Alford,PG,1988,1991,4
alkinra01,Rawle Alkins,SG,2019,2019,1
allenbo01,Bob Allen,PF,1969,1969,1
allengr01,Grayson Allen,SG,2019,2026,8
allenja01,Jarrett Allen,C,2018,2026,9
allenje01,Jerome Allen,SG,1996,1997,2
allenka01,Kadeem Allen,PG,2018,2020,3
allenla01,Lavoy Allen,PF,2012,2017,6
allenlu01,Lucius Allen,PG,1970,1979,10
allenma01,Malik Allen,PF,2002,2011,10
allenra01,Randy Allen,SG,1989,1990,2
allenra02,Ray Allen,SG,1997,2014,18
allenti01,Timmy Allen,SF,2024,2024,1
allento01,Tony Allen,SG,2005,2018,14
allisod01,Odis Allison,SF,1972,1972,1
allrela01,Lance Allred,C,2008,2008,1
allumda01,Darrell Allums,PF,1981,1981,1
almonmo01,Morris Almond,SG,2008,2012,3
alstode01,Derrick Alston,C,1995,1997,3
alstora01,Rafer Alston,PG,2000,2010,11
alumape01,Peter Aluma,C,1999,1999,1
alvarjo01,Jose Alvarado,PG,2022,2026,5
amaecjo01,John Amaechi,PF,1996,2003,5
amayaas01,Ashraf Amaya,PF,1996,1997,2
aminual01,Al-Farouq Aminu,SF,2011,2021,11
amundlo01,Lou Amundson,PF,2007,2016,10
anderal01,Alan Anderson,SF,2006,2017,8
anderan02,Antonio Anderson,SF,2010,2010,1
anderbo01,Bob Anderegg,SF,1960,1960,1
anderch01,Chris Andersen,C,2002,2017,15
andercl01,Cliff Anderson,SG,1968,1971,3
anderda02,Dan Anderson,SG,1975,1976,2
anderda03,David Andersen,C,2010,2011,2
anderde01,Derek Anderson,SF,1998,2008,11
anderdw01,Dwight Anderson,PG,1983,1983,1
anderer01,Eric Anderson,PF,1993,1994,2
andergr01,Greg Anderson,PF,1988,1998,10
anderja01,James Anderson,SF,2011,2016,5
anderje01,Jerome Anderson,SG,1976,1977,2
anderjj01,J.J. Anderson,SF,1983,1985,3
anderju01,Justin Anderson,SF,2016,2022,6
anderke01,Kenny Anderson,PG,1992,2005,14
anderki01,Kim Anderson,SF,1979,1979,1
anderky01,Kyle Anderson,SF,2015,2026,12
andermi01,Michael Anderson,PG,1989,1989,1
anderni01,Nick Anderson,SG,1990,2002,13
anderri01,Richard Anderson,C,1983,1990,6
anderro01,Ron Anderson,SF,1985,1994,10
anderry01,Ryan Anderson,PF,2009,2020,12
andersh01,Shandon Anderson,SG,1997,2006,10
anderwa01,Wally Anderzunas,SF,1970,1970,1
anderwi01,Willie Anderson,SF,1989,1997,9
andrima01,Martynas Andriuškevičius,C,2006,2006,1
anieldo01,Don Anielak,N/A,1955,1955,1
anigbik01,Ike Anigbogu,C,2018,2019,2
anslemi01,Michael Ansley,SF,1990,1992,3
anstech01,Chris Anstey,C,1998,2000,3
antetal01,Alex Antetokounmpo,SF,2026,2026,1
antetgi01,Giannis Antetokounmpo,SF,2014,2026,13
antetko01,Kostas Antetokounmpo,PF,2019,2021,3
antetth01,Thanasis Antetokounmpo,SF,2016,2026,7
anthoca01,Carmelo Anthony,SF,2004,2022,19
anthoco01,Cole Anthony,PG,2021,2026,6
anthogr01,Greg Anthony,PG,1992,2002,11
anthojo01,Joel Anthony,PF,2008,2017,10
anticpe01,Pero Antić,C,2014,2015,2
anunoog01,OG Anunoby,SF,2018,2026,9
applike01,Keith Appling,PG,2016,2016,1
araujra01,Rafael Araújo,C,2005,2007,3
arcenst01,Stacey Arceneaux,N/A,1962,1962,1
archiro01,Robert Archibald,PF,2003,2004,2
architi01,Tiny Archibald,PG,1971,1984,13
arcidry01,Ryan Arcidiacono,PG,2018,2024,7
ardji01,Jim Ard,C,1975,1978,4
arenagi01,Gilbert Arenas,PG,2002,2012,11
arizatr01,Trevor Ariza,SF,2005,2022,18
arizipa01,Paul Arizin,SF,1951,1962,10
arlaujo01,Joe Arlauckas,SF,1988,1988,1
armeltr01,Armel Traoré,SF,2025,2025,1
armstbj01,B.J. Armstrong,PG,1990,2000,11
armstbo01,Bob Armstrong,N/A,1957,1957,1
armstbr01,Brandon Armstrong,SG,2002,2004,3
armstcu01,Curly Armstrong,N/A,1950,1951,2
armstda01,Darrell Armstrong,PG,1995,2008,14
armsthi01,Hilton Armstrong,C,2007,2014,6
armstta01,Tate Armstrong,SG,1978,1979,2
arnelje01,Jesse Arnelle,PF,1956,1956,1
arnetja01,Jay Arnette,PG,1964,1966,3
arnzebo01,Bob Arnzen,SF,1971,1971,1
arroyca01,Carlos Arroyo,PG,2002,2011,9
artesro01,Metta World Peace,SF,2000,2017,17
arthuda01,Darrell Arthur,PF,2009,2018,9
arthujo01,John Arthurs,N/A,1970,1970,1
artisja01,Jamel Artis,SG,2018,2018,1
asikom01,Ömer Aşık,C,2011,2018,8
askewvi01,Vincent Askew,SG,1988,1998,9
askinke01,Keith Askins,SF,1991,1999,9
asmondo01,Don Asmonga,N/A,1954,1954,1
athadi01,Dick Atha,SG,1956,1958,2
atkinch01,Chucky Atkins,PG,2000,2010,11
attleal01,Al Attles,PG,1961,1971,11
augmost01,Stacey Augmon,SG,1992,2006,15
augusdj01,D.J. Augustin,PG,2009,2022,14
augusja01,James Augustine,PF,2007,2008,2
austiis01,Isaac Austin,C,1992,2002,9
austijo01,Johnny Austin,SG,1967,1967,1
austike01,Ken Austin,SF,1984,1984,1
avdijde01,Deni Avdija,SF,2021,2026,6
aventan01,Anthony Avent,PF,1993,2000,6
averibi01,Bird Averitt,SG,1977,1978,2
averywi01,William Avery,PG,2000,2002,3
awtrede01,Dennis Awtrey,C,1971,1982,12
ayayijo01,Joel Ayayi,SG,2022,2022,1
ayongu01,Gustavo Ayón,PF,2012,2014,3
aytonde01,Deandre Ayton,C,2019,2026,8
azubuke01,Kelenna Azubuike,SG,2007,2012,5
azubuud01,Udoka Azubuike,C,2021,2024,4
babbch01,Chris Babb,SG,2014,2014,1
babbilu01,Luke Babbitt,SF,2011,2018,8
babicmi01,Miloš Babić,PF,1991,1992,2
bacondw01,Dwayne Bacon,SG,2018,2021,4
badjiib01,Ibou Badji,C,2024,2024,1
baechji01,Jim Baechtold,SF,1953,1957,5
bagarda01,Dalibor Bagarić,C,2001,2003,3
baglejo01,John Bagley,PG,1983,1994,11
baglema01,Marvin Bagley III,PF,2019,2026,8
baglema02,Marcus Bagley,SF,2025,2025,1
baileac01,Ace Bailey,SF,2026,2026,1
baileam01,Amari Bailey,PG,2024,2024,1
baileca01,Carl Bailey,C,1982,1982,1
bailegu01,Gus Bailey,SG,1975,1980,5
baileja01,James Bailey,PF,1980,1988,9
baileth01,Thurl Bailey,PF,1984,1999,12
baileto01,Toby Bailey,SG,1999,2000,2
bairsca01,Cameron Bairstow,PF,2015,2016,2
bakerla01,Mark Baker,PG,1999,1999,1
bakerma01,Maurice Baker,PG,2005,2005,1
bakerro01,Ron Baker,SG,2017,2019,3
bakervi01,Vin Baker,C,1994,2006,13
balad01,Adama-Alpha Bal,SG,2026,2026,1
baldwpa01,Patrick Baldwin Jr.,SF,2023,2026,4
baldwwa01,Wade Baldwin,PG,2017,2019,3
balkmre01,Renaldo Balkman,SF,2007,2012,6
ballagr01,Greg Ballard,SF,1978,1989,11
ballce01,Cedric Ball,PF,1991,1991,1
ballla01,LaMelo Ball,PG,2021,2026,6
balllo01,Lonzo Ball,PG,2018,2026,7
bambamo01,Mo Bamba,C,2019,2026,8
banchpa01,Paolo Banchero,PF,2023,2026,4
banede01,Desmond Bane,SG,2021,2026,6
banksge01,Gene Banks,SF,1982,1987,6
banksma01,Marcus Banks,PG,2004,2011,8
bannike01,Ken Bannister,PF,1985,1991,5
bantoda01,Dalano Banton,PG,2022,2026,5
bantomi01,Mike Bantom,PF,1974,1982,9
barbeca01,Cat Barber,PG,2022,2022,1
barbejo01,John Barber,N/A,1957,1957,1
barbole01,Leandro Barbosa,PG,2004,2017,14
bardost01,Steve Bardo,SG,1992,1996,3
bareajo01,J.J. Barea,PG,2007,2020,14
bargnan01,Andrea Bargnani,PF,2007,2016,10
barkecl01,Cliff Barker,SG,1950,1952,3
barketo01,Tom Barker,C,1977,1979,2
barklch01,Charles Barkley,PF,1985,2000,16
barkler01,Erick Barkley,PG,2001,2002,2
barksdo01,Don Barksdale,PF,1952,1955,4
barlodo01,Dominick Barlow,PF,2023,2026,4
barnedi01,Dick Barnett,SG,1960,1974,14
barneha01,Harry Barnes,SF,1969,1969,1
barneha02,Harrison Barnes,SF,2013,2026,14
barneji01,Jim Barnes,PF,1965,1971,7
barneji02,Jim Barnett,SG,1967,1977,11
barnema01,Marvin Barnes,PF,1977,1980,4
barnema02,Matt Barnes,SF,2004,2017,14
barnesc01,Scottie Barnes,PF,2022,2026,5
barnhbr01,Brooks Barnhizer,SG,2026,2026,1
barnhjo01,John Barnhill,SG,1963,1969,7
barnhle01,Leo Barnhorst,SF,1950,1954,5
barnhno01,Norton Barnhill,SG,1977,1977,1
barrean01,Andre Barrett,PG,2005,2008,4
barreer01,Ernie Barrett,SG,1954,1956,2
barrerj01,RJ Barrett,SG,2020,2026,7
barrmi01,Mike Barr,SG,1977,1977,1
barrmo01,Moe Barr,N/A,1971,1971,1
barroda01,Dana Barros,PG,1990,2004,14
barroea01,Earl Barron,C,2006,2015,8
barrybr01,Brent Barry,SG,1996,2009,14
barrydr01,Drew Barry,PG,1998,2000,3
barryjo01,Jon Barry,SG,1993,2006,14
barryri01,Rick Barry,SF,1966,1980,10
barteed01,Ed Bartels,N/A,1950,1951,2
bartovi01,Vic Bartolome,C,1972,1972,1
bartowi01,Will Barton,SG,2013,2023,11
basdeed01,Eddie Basden,SF,2006,2006,1
baskeje01,Jerry Baskerville,SF,1976,1976,1
bassbr01,Brandon Bass,PF,2006,2017,12
bassech01,Charles Bassey,C,2022,2026,5
basseti01,Tim Bassett,PF,1977,1980,4
basspa01,Paris Bass,SF,2022,2022,1
bastoma01,Maceo Baston,PF,2003,2009,4
bateeme01,Mengke Bateer,C,2002,2004,3
batesbi01,Billy Ray Bates,SG,1980,1983,4
batesem01,Emoni Bates,SF,2024,2025,2
bateske01,Keita Bates-Diop,SF,2019,2024,6
batises01,Esteban Batista,PF,2006,2007,2
batismi01,Mike Batiste,PF,2003,2003,1
battish01,Shane Battier,SF,2002,2014,13
battito01,Tony Battie,PF,1998,2012,14
battlja01,Jamison Battle,SF,2025,2026,2
battljo01,John Battle,SG,1986,1995,10
battlke01,Kenny Battle,SG,1990,1993,4
battoda01,Dave Batton,C,1983,1984,2
batumni01,Nicolas Batum,SF,2009,2026,18
baughda01,Damion Baugh,SG,2025,2025,1
baumjo01,Johnny Baum,SF,1970,1971,2
baxtelo01,Lonny Baxter,C,2003,2006,4
bayleje01,Jerryd Bayless,PG,2009,2019,11
bayloel01,Elgin Baylor,SF,1959,1972,14
baynear01,Aron Baynes,C,2013,2021,9
bazarse01,Sergei Bazarevich,PG,1995,1995,1
bazemke01,Kent Bazemore,SG,2013,2022,10
bazleda01,Darius Bazley,PF,2020,2024,5
beached01,Ed Beach,N/A,1951,1951,1
bealbr01,Bradley Beal,SG,2013,2026,14
beardbu01,Butch Beard,PG,1970,1979,9
beardra01,Ralph Beard,N/A,1950,1951,2
beaslje01,Jerome Beasley,PF,2004,2004,1
beaslma01,Malik Beasley,SG,2017,2025,9
beaslmi01,Michael Beasley,PF,2009,2019,11
beatyze01,Zelmo Beaty,C,1963,1975,8
beaubro01,Rodrigue Beaubois,PG,2010,2013,4
beaucma01,MarJon Beauchamp,SF,2023,2026,4
beckby01,Byron Beck,PF,1977,1977,1
beckco01,Corey Beck,PG,1996,1999,3
becker01,Ernie Beck,SG,1954,1961,7
bedfowi01,William Bedford,C,1987,1993,6
beekmre01,Reece Beekman,PG,2025,2025,1
behagro01,Ron Behagen,PF,1974,1980,7
behnkel01,Elmer Behnke,N/A,1952,1952,1
belinma01,Marco Belinelli,SG,2008,2020,13
bellawa01,Walt Bellamy,C,1962,1975,14
bellch01,Charlie Bell,SG,2002,2011,7
bellde01,Dennis Bell,SF,1974,1976,3
belljo01,Jordan Bell,C,2018,2022,5
bellra01,Raja Bell,SG,2001,2012,12
belltr01,Troy Bell,PG,2004,2004,1
bellwh01,Whitey Bell,PG,1960,1961,2
bembrde01,DeAndre' Bembry,SF,2017,2022,6
bemorir01,Irv Bemoras,SF,1954,1957,2
benbole01,Leon Benbow,SG,1975,1976,2
bendedr01,Dragan Bender,PF,2017,2020,4
bendejo01,Jonathan Bender,SF,2000,2010,8
benimje01,Jerrelle Benimon,PF,2015,2015,1
benjabe01,Benoit Benjamin,C,1986,2000,15
benjaco01,Corey Benjamin,PG,1999,2003,4
bennean01,Anthony Bennett,PF,2014,2017,4
benneel01,Elmer Bennett,PG,1995,1997,3
bennema01,Mario Bennett,SF,1996,2000,4
benneme01,Mel Bennett,PF,1977,1982,4
benneto01,Tony Bennett,PG,1993,1995,3
bennewi01,Winston Bennett,SF,1990,1992,3
benoida01,David Benoit,SF,1992,2001,7
bensoke01,Kent Benson,C,1978,1988,11
bensoke02,Keith Benson,C,2012,2012,1
bentibe01,Ben Bentil,PF,2017,2017,1
bercege01,Gene Berce,N/A,1950,1950,1
bergega01,Gary Bergen,N/A,1957,1957,1
berinjo01,Joan Beringer,PF,2026,2026,1
bernaju01,Jules Bernard,SG,2024,2024,1
berryri01,Ricky Berry,SG,1989,1989,1
berrywa01,Walter Berry,PF,1987,1989,3
bertada01,Dāvis Bertāns,PF,2017,2024,8
bertada02,Dairis Bertāns,SG,2019,2019,1
beshode01,Del Beshore,PG,1979,1980,2
besttr01,Travis Best,PG,1996,2005,10
beverpa01,Patrick Beverley,PG,2013,2024,12
beysa01,Saddiq Bey,SF,2021,2026,5
beyty01,Tyler Bey,SF,2021,2021,1
bhullsi01,Sim Bhullar,C,2015,2015,1
biancal01,Al Bianchi,PG,1957,1966,10
bibbyhe01,Henry Bibby,PG,1973,1981,9
bibbymi01,Mike Bibby,PG,1999,2012,14
biedeed01,Ed Biedenbach,N/A,1969,1969,1
biedran01,Andris Biedriņš,C,2005,2014,10
bielkdo01,Don Bielke,N/A,1956,1956,1
bigelbo01,Bob Bigelow,SF,1976,1979,4
billuch01,Chauncey Billups,PG,1998,2014,17
bingda01,Dave Bing,PG,1967,1978,12
biniojo01,Joe Binion,PF,1987,1987,1
birchkh01,Khem Birch,C,2018,2023,6
birdja01,Jabari Bird,SG,2018,2018,1
birdje01,Jerry Bird,N/A,1959,1959,1
birdla01,Larry Bird,PF,1980,1992,13
birdsot01,Otis Birdsong,SG,1978,1989,12
bitadgo01,Goga Bitadze,C,2020,2026,7
bitimon01,Onuralp Bitim,SG,2024,2024,1
biyombi01,Bismack Biyombo,C,2012,2026,15
bjeline01,Nemanja Bjelica,PF,2016,2022,7
blabuw01,Uwe Blab,C,1986,1990,5
blackal01,Alex Blackwell,SF,1993,1993,1
blackan01,Anthony Black,PG,2024,2026,3
blackch01,Charlie Black,N/A,1950,1952,2
blackco01,Cory Blackwell,SF,1985,1985,1
blackja01,James Blackwell,PG,1995,1995,1
blackle01,Leaky Black,SF,2024,2026,2
blackna01,Nate Blackwell,PG,1988,1988,1
blackno01,Norman Black,SG,1981,1981,1
blackro01,Rolando Blackman,SG,1982,1994,13
blackta01,Tarik Black,C,2015,2018,4
blackto01,Tom Black,C,1971,1971,1
blairde01,DeJuan Blair,PF,2010,2016,7
blakean01,Antonio Blakeney,SG,2018,2019,2
blakest01,Steve Blake,PG,2004,2016,13
blalowi01,Will Blalock,PG,2007,2007,1
blanege01,George Blaney,PG,1962,1962,1
blankla01,Lance Blanks,SG,1991,1993,3
blantri01,Ricky Blanton,SF,1993,1993,1
blatcan01,Andray Blatche,PF,2006,2014,9
blaylmo01,Mookie Blaylock,PG,1990,2002,13
bledser01,Eric Bledsoe,PG,2011,2022,12
blevike01,Keljin Blevins,SF,2021,2022,2
blevile01,Leon Blevins,N/A,1951,1951,1
blockjo01,John Block,PF,1967,1976,10
blossja01,Jaron Blossomgame,SF,2019,2019,1
blounco01,Corie Blount,PF,1994,2004,11
blounma01,Mark Blount,C,2001,2009,9
blueva01,Vander Blue,SG,2014,2018,3
blumera01,Ray Blume,SG,1982,1982,1
bobbito01,Tony Bobbitt,SG,2005,2005,1
bobbne01,Nelson Bobb,PG,1950,1953,4
bockhbu01,Bucky Bockhorn,SG,1959,1965,7
boehebu01,Buddy Boeheim,SF,2023,2026,3
boerwto01,Tom Boerwinkle,C,1969,1978,10
boganke01,Keith Bogans,SF,2004,2014,11
bogdabo01,Bogdan Bogdanović,SG,2018,2026,9
bogdabo02,Bojan Bogdanović,SF,2015,2024,10
boguemu01,Muggsy Bogues,PG,1988,2001,14
bogutan01,Andrew Bogut,PF,2006,2019,14
bohanet01,Etdrick Bohannon,PF,1998,2001,4
bolbo01,Bol Bol,PF,2020,2025,6
boldejo01,Jonah Bolden,PF,2019,2020,2
boldema01,Marques Bolden,C,2020,2024,3
bolgebi01,Bill Bolger,SF,1954,1954,1
bolma01,Manute Bol,C,1986,1995,10
bolmale01,Leandro Bolmaro,SF,2022,2023,2
bolomjo01,Joel Bolomboy,PF,2017,2018,2
bolstdo01,Doug Bolstorff,N/A,1958,1958,1
bonaad01,Adem Bona,C,2025,2026,2
bondph01,Phil Bond,SG,1978,1978,1
bondwa01,Walter Bond,SG,1993,1995,3
bonejo01,Jordan Bone,PG,2020,2021,2
boneyde01,Dexter Boney,SG,1997,1997,1
bongais01,Isaac Bonga,PG,2019,2022,4
bonharo01,Ron Bonham,SF,1965,1966,2
bonnean01,Anthony Bonner,PF,1991,1996,6
bonnema01,Matt Bonner,C,2005,2016,12
bonsage01,George Bon Salle,PF,1962,1962,1
bookede01,Devin Booker,SG,2016,2026,11
bookeme01,Melvin Booker,PG,1996,1997,2
booketr01,Trevor Booker,PF,2011,2018,8
boonejo01,Josh Boone,PF,2007,2010,4
boonero01,Ron Boone,SG,1977,1981,5
boothca01,Calvin Booth,C,2000,2009,10
boothke01,Keith Booth,SF,1998,1999,2
boozebo01,Bob Boozer,PF,1961,1971,11
boozeca01,Carlos Boozer,PF,2003,2015,13
borchcu01,Curtis Borchardt,C,2004,2005,2
bornhja01,Jake Bornheimer,N/A,1950,1950,1
borrela01,Lazaro Borrell,SF,2000,2000,1
borsaik01,Ike Borsavage,N/A,1951,1951,1
borylvi01,Vince Boryla,SF,1950,1954,5
boshch01,Chris Bosh,C,2004,2016,13
bostiji01,Jim Bostic,PF,1978,1978,1
bostobr01,Brandon Boston Jr.,SG,2022,2025,4
bostola01,Lawrence Boston,PF,1980,1980,1
bosweto01,Tom Boswell,PF,1976,1984,6
bouchch01,Chris Boucher,PF,2018,2026,9
bouknja01,James Bouknight,SG,2022,2024,3
boumtru01,Ruben Boumtje-Boumtje,C,2002,2004,3
bouyeja01,Jamaree Bouyea,PG,2023,2026,4
bovendo01,Don Boven,N/A,1950,1953,3
bowdlca01,Cal Bowdler,SF,2000,2002,3
bowenbr01,Bruce Bowen,SF,1997,2009,13
bowenbr02,Brian Bowen,SF,2020,2021,2
bowenry01,Ryan Bowen,SF,2000,2010,10
bowiean01,Anthony Bowie,SG,1989,1998,8
bowiesa01,Sam Bowie,C,1985,1995,10
bowmair01,Ira Bowman,SG,2000,2002,3
bowmaky01,Ky Bowman,PG,2020,2020,1
bowmana01,Nate Bowman,C,1967,1971,5
boycedo01,Donnie Boyce,SG,1996,1997,2
boydde01,Dennis Boyd,PG,1979,1979,1
boydfr01,Freddie Boyd,PG,1973,1978,6
boydke01,Ken Boyd,SF,1975,1975,1
boykiea01,Earl Boykins,PG,1999,2012,13
boykoha01,Harry Boykoff,N/A,1950,1951,2
boynewi01,Winford Boynes,SG,1979,1981,3
bozemce01,Cedric Bozeman,SG,2007,2007,1
bracest01,Steve Bracey,PG,1973,1975,3
brackcr01,Craig Brackins,PF,2011,2012,2
braddga01,Gary Bradds,SF,1965,1966,2
bradlal01,Alonzo Bradley,SF,1978,1980,3
bradlal02,Alex Bradley,SF,1982,1982,1
bradlav01,Avery Bradley,PG,2011,2022,12
bradlbi01,Bill Bradley,SF,1968,1977,10
bradlch01,Charles Bradley,SG,1982,1984,3
bradldu01,Dudley Bradley,SG,1980,1989,9
bradljo01,Joe Bradley,N/A,1950,1950,1
bradlmi01,Michael Bradley,PF,2002,2006,5
bradlsh01,Shawn Bradley,C,1994,2005,12
bradlto01,Tony Bradley,C,2018,2026,8
bradtma01,Mark Bradtke,C,1997,1997,1
braggma01,Marques Bragg,PF,1996,1996,1
braggto01,Torraye Braggs,PF,2004,2005,2
bramlaj01,A.J. Bramlett,C,2000,2000,1
brancad01,Adrian Branch,SF,1987,1990,4
brandel01,Elton Brand,PF,2000,2016,17
brandte01,Terrell Brandon,PG,1992,2002,11
branhma01,Malaki Branham,SG,2023,2026,4
brannbo01,Bob Brannum,PF,1950,1955,5
bransbr01,Brad Branson,PF,1982,1983,2
bransje01,Jesse Branson,SF,1966,1966,1
brantja01,Jarrell Brantley,PF,2020,2023,3
brascji01,Jim Brasco,N/A,1953,1953,1
bratzmi01,Mike Bratz,PG,1978,1986,9
braunca01,Carl Braun,N/A,1950,1962,11
braunch01,Christian Braun,SG,2023,2026,4
brazdig01,Ignas Brazdeikis,SF,2020,2022,3
breako01,Koby Brea,SG,2026,2026,1
breauti01,Tim Breaux,SF,1995,1998,3
bremejr01,J.R. Bremer,PG,2003,2004,2
brennpe01,Pete Brennan,N/A,1959,1959,1
brennto01,Tom Brennan,SF,1955,1955,1
breuera01,Randy Breuer,C,1984,1994,11
breweco01,Corey Brewer,SF,2008,2020,13
breweja01,Jamison Brewer,SG,2002,2005,4
breweji01,Jim Brewer,PF,1974,1982,9
brewero01,Ron Brewer,SG,1979,1986,8
brewero02,Ronnie Brewer,SG,2007,2014,8
brezepr01,Primož Brezec,C,2002,2010,8
brianfr01,Frankie Brian,N/A,1950,1956,7
brickfr01,Frank Brickowski,C,1985,1997,12
bridgbi01,Bill Bridges,PF,1963,1975,13
bridgja01,Jalen Bridges,SF,2025,2025,1
bridgju01,Junior Bridgeman,SF,1976,1987,12
bridgmi01,Mikal Bridges,SF,2019,2026,8
bridgmi02,Miles Bridges,SF,2019,2026,7
brimaam01,Amida Brimah,C,2021,2021,1
briscis01,Isaiah Briscoe,PG,2019,2019,1
briskjo01,John Brisker,SF,1973,1975,3
brissos01,Oshae Brissett,SF,2020,2025,6
bristal01,Allan Bristow,SF,1974,1983,9
brittda01,Dave Britton,PG,1981,1981,1
brittmi01,Mike Brittain,C,1986,1987,2
brittty01,Tyrone Britt,SG,1968,1968,1
brittwa01,Wayman Britt,SG,1978,1978,1
brockiz01,Izaiah Brockington,PG,2024,2024,1
brockjo01,Jon Brockman,PF,2010,2012,3
broekry01,Ryan Broekhoff,SG,2019,2020,2
brogaji01,Jim Brogan,SG,1982,1983,2
brogdma01,Malcolm Brogdon,SG,2017,2025,9
brokaga01,Gary Brokaw,SG,1975,1978,4
brookaa01,Aaron Brooks,PG,2008,2018,10
brookar01,Armoni Brooks,SG,2021,2024,3
brookdi01,Dillon Brooks,SF,2018,2026,9
brookke01,Kevin Brooks,SF,1992,1994,3
brookke02,Keion Brooks Jr.,SF,2025,2025,1
brookma01,MarShon Brooks,SG,2012,2019,5
brookmi01,Michael Brooks,SF,1981,1988,6
brookpr01,Price Brookfield,N/A,1950,1950,1
brooksc01,Scott Brooks,PG,1989,1998,10
broomjo01,Johni Broome,C,2026,2026,1
brownan01,Andre Brown,PF,2007,2009,3
brownan02,Anthony Brown,SF,2016,2018,3
brownbo01,Bob Brown,N/A,1950,1950,1
brownbo02,Bobby Brown,PG,2009,2018,4
brownbr01,Bruce Brown,SG,2019,2026,8
brownch01,Chucky Brown,SF,1990,2002,13
brownch02,Charlie Brown Jr.,SG,2020,2024,4
brownch05,Chaundee Brown Jr.,SG,2022,2022,1
brownda02,Damone Brown,SF,2002,2005,4
brownda04,Darius Brown II,SG,2026,2026,1
brownde01,Dee Brown,PG,1991,2002,12
brownde02,Devin Brown,SG,2003,2010,8
brownde03,Dee Brown,PG,2007,2009,2
brownde04,Derrick Brown,SF,2010,2012,3
browner01,Ernest Brown,C,2002,2002,1
brownfr01,Fred Brown,SG,1972,1984,13
brownge01,George Brown,N/A,1958,1958,1
brownge02,Gerald Brown,SG,1999,1999,1
browngr01,Greg Brown III,SF,2022,2024,3
brownja01,Jabari Brown,SG,2015,2015,1
brownja02,Jaylen Brown,SF,2017,2026,10
brownji01,Jim Browne,N/A,1950,1950,1
brownjo01,John Brown,SF,1974,1980,7
brownke01,Kedrick Brown,SF,2002,2005,4
brownke03,Kendall Brown,SG,2023,2024,2
brownko01,Kobe Brown,PF,2024,2026,3
brownkw01,Kwame Brown,PF,2002,2013,12
brownle02,Lewis Brown,C,1981,1981,1
brownlo01,Lorenzo Brown,PG,2014,2019,5
brownma01,Marcus Brown,PG,1997,2000,2
brownma02,Markel Brown,SG,2015,2018,3
brownmi01,Mike Brown,C,1987,1997,11
brownmo01,Moses Brown,C,2020,2025,6
brownmy01,Myron Brown,PG,1992,1992,1
brownpj01,P.J. Brown,C,1994,2008,15
brownra01,Raymond Brown,PF,1990,1990,1
brownra02,Randy Brown,PG,1992,2003,12
brownri01,Rickey Brown,C,1981,1985,5
brownro02,Roger Brown,C,1973,1980,4
brownsh01,Shannon Brown,SG,2007,2015,9
brownst01,Stan Brown,N/A,1952,1952,1
brownst02,Sterling Brown,SG,2018,2023,6
brownti01,Tierre Brown,SG,2002,2005,4
brownto01,Tony Brown,SF,1985,1992,7
browntr01,Troy Brown Jr.,SF,2019,2024,6
brundst01,Stanley Brundy,SF,1990,1990,1
brunsja01,Jalen Brunson,PG,2019,2026,8
brunsri01,Rick Brunson,PG,1998,2006,9
brussni01,Nicolás Brussino,SG,2017,2018,2
bryanca01,Carter Bryant,PF,2026,2026,1
bryanel01,Elijah Bryant,SG,2021,2021,1
bryanem01,Em Bryant,PG,1965,1972,8
bryanjo01,Joe Bryant,PF,1976,1983,8
bryanko01,Kobe Bryant,SF,1997,2016,20
bryanma01,Mark Bryant,PF,1989,2003,15
bryanth01,Thomas Bryant,C,2018,2026,9
bryanwa01,Wallace Bryant,C,1984,1986,3
brynto01,Torgeir Bryn,C,1990,1990,1
buchash01,Shaq Buchanan,SG,2022,2022,1
buckhjo01,Joe Buckhalter,PF,1962,1963,2
buckncl01,Cleveland Buckner,PF,1962,1963,2
buckngr01,Greg Buckner,SG,2000,2009,10
bucknqu01,Quinn Buckner,PG,1977,1986,10
bucknst01,Steve Bucknall,SG,1990,1990,1
buddda01,Dave Budd,SF,1961,1965,5
budinch01,Chase Budinger,SF,2010,2016,7
budkowa01,Walt Budko,PF,1950,1952,3
buechju01,Jud Buechler,SF,1991,2002,12
bufkiko01,Kobe Bufkin,SG,2024,2026,3
buforro01,Rodney Buford,SG,2000,2005,5
bullama01,Matt Bullard,PF,1991,2002,11
bullore01,Reggie Bullock,SF,2014,2024,11
bunchgr01,Greg Bunch,SF,1979,1979,1
buntdi01,Dick Bunt,PG,1953,1953,1
buntibi01,Bill Buntin,C,1966,1966,1
burdeti01,Ticky Burden,SG,1977,1978,2
burkepa01,Pat Burke,C,2003,2007,3
burketr01,Trey Burke,PG,2014,2022,9
burkmro01,Roger Burkman,SG,1982,1982,1
burksal01,Alec Burks,SG,2012,2025,14
burksan01,Antonio Burks,PG,2005,2006,2
burleke01,Kevin Burleson,PG,2006,2006,1
burleto01,Tom Burleson,C,1975,1981,7
burmaja01,Jack Burmaster,N/A,1950,1950,1
burnsda01,David Burns,PG,1982,1982,1
burnsev01,Evers Burns,PF,1994,1994,1
burnsji01,Jim Burns,SG,1968,1968,1
burresc01,Scott Burrell,SF,1994,2001,8
burriar01,Art Burris,SF,1951,1952,2
burrobo01,Bob Burrow,C,1957,1958,2
burroju01,Junior Burrough,PF,1996,1996,1
burtode02,Deonte Burton,SG,2019,2023,3
burtoed01,Ed Burton,N/A,1962,1965,2
burtoty01,Tyler Burton,SF,2026,2026,1
burtowi01,Willie Burton,SF,1991,1999,8
burttst01,Steve Burtt,SG,1985,1993,4
busedo01,Don Buse,PG,1977,1985,9
butchdo01,Donnie Butcher,PG,1962,1966,5
butleal01,Al Butler,PG,1962,1965,4
butleca01,Caron Butler,SF,2003,2016,14
butlegr01,Greg Butler,C,1989,1991,3
butleja01,Jackie Butler,C,2005,2007,3
butleja02,Jared Butler,SG,2022,2025,4
butleji01,Jimmy Butler,SG,2012,2026,15
butlejo01,John Butler,C,2023,2023,1
butlemi02,Mitchell Butler,SG,1994,2004,8
butlera01,Rasual Butler,SG,2003,2016,13
buyckdw01,Dwight Buycks,PG,2014,2018,3
buzelma01,Matas Buzelis,SF,2025,2026,2
byarsde01,Derrick Byars,PF,2012,2012,1
bynuman01,Andrew Bynum,C,2006,2014,8
bynumwi01,Will Bynum,PG,2006,2015,8
byrnema01,Marty Byrnes,SF,1979,1983,4
byrneto01,Tommy Byrnes,N/A,1950,1951,2
cabarza01,Žarko Čabarkapa,PF,2004,2006,3
cableba01,Barney Cable,PF,1959,1964,6
cabocbr01,Bruno Caboclo,SF,2015,2021,7
cacokde01,Devontae Cacok,C,2020,2022,3
caffeja01,Jason Caffey,PF,1996,2003,8
cagemi01,Michael Cage,PF,1985,2000,15
cainja01,Jamal Cain,PF,2023,2026,4
calabge01,Gerry Calabrese,SG,1951,1952,2
calatni01,Nick Calathes,SG,2014,2015,2
caldejo01,José Calderón,SG,2006,2019,14
caldwad01,Adrian Caldwell,PF,1990,1998,6
caldwji01,Jim Caldwell,C,1968,1968,1
caldwjo01,Joe Caldwell,SF,1965,1970,6
caldwke01,Kentavious Caldwell-Pope,SG,2014,2026,13
calhobi01,Bill Calhoun,SG,1950,1955,6
calhoco01,Corky Calhoun,SF,1973,1980,8
calipde01,Demetrius Calip,PG,1992,1992,1
callori01,Rick Calloway,SG,1991,1991,1
calvima01,Mack Calvin,PG,1977,1981,4
camarto01,Toumani Camara,PF,2024,2026,3
cambrde01,Dexter Cambridge,SF,1993,1993,1
cambyma01,Marcus Camby,C,1997,2013,17
campafa01,Facundo Campazzo,PG,2021,2023,3
campbel01,Elden Campbell,PF,1991,2005,15
campbto01,Tony Campbell,SF,1985,1995,11
canaais01,Isaiah Canaan,PG,2014,2019,6
cancavl01,Vlatko Čančar,PF,2020,2025,5
cannade01,Devin Cannady,PG,2021,2022,2
cannola01,Larry Cannon,SG,1974,1974,1
capelca01,Clint Capela,C,2015,2026,12
caracde01,Derrick Caracter,C,2011,2011,1
cardibr01,Brian Cardinal,PF,2001,2012,12
cardwdy01,Dylan Cardwell,C,2026,2026,1
careyve01,Vernon Carey Jr.,C,2021,2023,3
carlho01,Howie Carl,PG,1962,1962,1
carlige01,Geno Carlisle,SG,2005,2005,1
carliri01,Rick Carlisle,SG,1985,1990,5
carlsal01,Al Carlson,C,1976,1976,1
carlsbr01,Branden Carlson,C,2025,2026,2
carlsdo01,Don Carlson,N/A,1950,1951,2
carnebo01,Bob Carney,SG,1955,1955,1
carnero01,Rodney Carney,SF,2007,2011,5
carpebo01,Bob Carpenter,N/A,1950,1951,2
carran01,Antoine Carr,PF,1985,2000,16
carrau01,Austin Carr,SG,1972,1981,10
carrch01,Chris Carr,SG,1996,2001,6
carrco01,Cory Carr,SG,1999,1999,1
carribo01,Bob Carrington,SG,1978,1980,2
carrica01,Bub Carrington,PG,2025,2026,2
carrke01,Kenny Carr,PF,1978,1987,10
carrml01,M.L. Carr,SF,1977,1985,9
carrode01,DeMarre Carroll,SF,2010,2020,11
carrojo01,Joe Barry Carroll,C,1981,1991,10
carroma01,Matt Carroll,SG,2004,2013,10
carruji01,Jimmy Carruth,PF,1997,1997,1
cartean01,Anthony Carter,PG,2000,2012,13
cartebu01,Butch Carter,SF,1981,1986,6
cartede02,Devin Carter,PG,2025,2026,2
cartefr01,Fred Carter,SG,1970,1977,8
cartege01,George Carter,SF,1968,1968,1
carteho01,Howard Carter,SG,1984,1985,2
carteja01,Jake Carter,N/A,1950,1950,1
carteje01,Jevon Carter,PG,2019,2026,8
cartema01,Maurice Carter,SG,2004,2004,1
cartemi01,Michael Carter-Williams,PG,2014,2023,9
cartere01,Reggie Carter,SG,1981,1982,2
cartero01,Ron Carter,SG,1979,1980,2
cartevi01,Vince Carter,SF,1999,2020,22
cartewe01,Wendell Carter Jr.,C,2019,2026,8
cartodj01,D.J. Carton,SG,2024,2025,2
cartwbi01,Bill Cartwright,C,1980,1995,15
cartyja01,Jay Carty,PF,1969,1969,1
carusal01,Alex Caruso,PG,2018,2026,9
cashco01,Cornelius Cash,PF,1977,1977,1
cassesa01,Sam Cassell,PG,1994,2008,15
casspom01,Omri Casspi,SF,2010,2019,10
castlco01,Colin Castleton,C,2024,2026,3
castlst01,Stephon Castle,PG,2025,2026,2
catchha01,Harvey Catchings,C,1975,1985,11
catlesi01,Sid Catlett,SF,1972,1972,1
catlete01,Terry Catledge,PF,1986,1993,8
catoke01,Kelvin Cato,C,1998,2007,10
cattabo01,Bobby Cattage,PF,1982,1986,2
caulewi01,Willie Cauley-Stein,C,2016,2022,7
caupatr01,Troy Caupain,PG,2019,2019,1
causwdu01,Duane Causwell,C,1991,2001,11
cavanty01,Tyler Cavanaugh,PF,2018,2019,2
cavenro01,Ron Cavenall,C,1985,1989,2
caverah01,Ahmad Caver,SG,2022,2022,1
cazalma01,Malcolm Cazalon,SG,2024,2024,1
cebalce01,Cedric Ceballos,SF,1991,2001,11
celesjo01,John Celestand,PG,2000,2000,1
cervial01,Al Cervi,PG,1950,1953,4
chalmli01,Lionel Chalmers,PG,2005,2005,1
chalmma01,Mario Chalmers,PG,2009,2018,9
chambbi01,Bill Chamberlain,SF,1974,1974,1
chambje01,Jerry Chambers,SF,1967,1972,4
chambto01,Tom Chambers,PF,1982,1998,16
chambwi01,Wilt Chamberlain,C,1960,1973,14
champju01,Justin Champagnie,SF,2022,2026,5
champju02,Julian Champagnie,SF,2023,2026,4
champmi01,Mike Champion,SF,1989,1989,1
chandke01,Kennedy Chandler,PG,2023,2026,2
chandty01,Tyson Chandler,C,2002,2020,19
chandwi01,Wilson Chandler,SF,2008,2020,12
chanedo01,Don Chaney,SG,1969,1980,11
chanejo01,John Chaney,N/A,1950,1950,1
chapmre01,Rex Chapman,SG,1989,2000,12
chapple01,Len Chappell,PF,1963,1971,9
charlke01,Ken Charles,SG,1974,1978,5
charllo01,Lorenzo Charles,SF,1986,1986,1
chealjo01,Joe Chealey,PG,2019,2020,2
cheanca01,Calbert Cheaney,SG,1994,2006,13
cheatzy01,Zylan Cheatham,PF,2020,2022,2
cheekma01,Maurice Cheeks,PG,1979,1993,15
cheniph01,Phil Chenier,SG,1972,1981,10
cherrwi01,Will Cherry,PG,2015,2015,1
chievde01,Derrick Chievous,SF,1989,1991,3
chilcpe01,Pete Chilcutt,PF,1992,2000,9
childch01,Chris Childs,PG,1995,2003,9
childjo01,Josh Childress,SG,2005,2014,8
childra01,Randolph Childress,PG,1996,1997,2
chiozch01,Chris Chiozza,PG,2019,2022,4
chollle01,Leroy Chollet,N/A,1950,1951,2
chomcul01,Ulrich Chomche,PF,2025,2025,1
choneji01,Jim Chones,C,1975,1982,8
chrisbo01,Bob Christian,C,1971,1974,4
chrisca01,Cal Christensen,SF,1951,1955,5
chrisca02,Cam Christie,SG,2025,2026,2
chrisdi01,Dionte Christmas,SF,2014,2014,1
chrisdo01,Doug Christie,SG,1993,2007,15
chrisfr01,Fred Christ,N/A,1955,1955,1
chrisjo01,Josh Christopher,SG,2022,2025,3
chrisma01,Marquese Chriss,PF,2017,2022,6
chrisma02,Max Christie,SG,2023,2026,4
chrispa01,Patrick Christopher,SG,2015,2015,1
chrisra01,Rakeem Christmas,PF,2016,2017,2
chrisse01,Semaj Christon,PG,2017,2017,1
churcro01,Robert Churchwell,SG,1996,1996,1
cissemo01,Moussa Cisse,C,2026,2026,1
cissosi01,Sidy Cissoko,SF,2024,2026,3
clarkar01,Archie Clark,SG,1967,1976,10
clarkbr01,Brandon Clarke,PF,2020,2026,7
clarkca01,Carlos Clark,SG,1984,1985,2
clarkco01,Coty Clarke,SF,2016,2016,1
clarkea01,Earl Clark,PF,2010,2015,6
clarkga01,Gary Clark,PF,2019,2022,4
clarkia01,Ian Clark,SG,2014,2019,6
clarkja02,Jaylen Clark,SG,2025,2026,2
clarkjo01,Jordan Clarkson,PG,2015,2026,12
clarkke01,Keon Clark,C,1999,2004,6
clavegi01,Gian Clavell,SG,2018,2018,1
clavevi01,Victor Claver,SF,2013,2015,3
claxtch01,Charles Claxton,C,1996,1996,1
claxtni01,Nic Claxton,C,2020,2026,7
claxtsp01,Speedy Claxton,PG,2002,2009,7
claytwa01,Walter Clayton,PG,2026,2026,1
cleamji01,Jim Cleamons,PG,1972,1980,9
cleavma01,Mateen Cleaves,PG,2001,2006,6
clemeba01,Barry Clemens,SF,1966,1976,11
clemoch01,Chris Clemons,SG,2020,2020,1
clevean01,Antonius Cleveland,SG,2018,2020,2
cliffni01,Nique Clifford,SG,2026,2026,1
cliftna01,Nat Clifton,PF,1951,1958,8
clingdo01,Donovan Clingan,C,2025,2026,2
clossbi01,Bill Closs,SF,1950,1952,3
closske01,Keith Closs,C,1998,2000,3
clownno01,Noah Clowney,PF,2024,2026,3
cloydpa01,Paul Cloyd,N/A,1950,1950,1
clydebe01,Ben Clyde,SF,1975,1975,1
coffeam01,Amir Coffey,SG,2020,2026,7
cofferi01,Richard Coffey,SF,1991,1991,1
cofiefr01,Fred Cofield,PG,1986,1987,2
cokerjo01,John Coker,C,1996,2001,3
colembe01,Ben Coleman,C,1987,1994,5
colemde01,Derrick Coleman,PF,1991,2005,15
colemec01,E.C. Coleman,PF,1974,1979,6
colemja01,Jack Coleman,PF,1950,1958,9
colemno01,Norris Coleman,SF,1988,1988,1
coleno01,Norris Cole,PG,2012,2017,6
colesbi01,Bimbo Coles,PG,1991,2004,14
colliar01,Art Collins,SG,1981,1981,1
collida01,Darren Collison,PG,2010,2022,11
collido01,Doug Collins,SG,1974,1981,8
collido02,Don Collins,SF,1981,1987,6
colliis01,Isaiah Collier,PG,2025,2026,2
collija01,James Collins,SG,1998,1998,1
collija02,Jason Collier,C,2001,2005,5
collija03,Jarron Collins,C,2002,2011,10
collija04,Jason Collins,C,2002,2014,13
colliji01,Jimmy Collins,SG,1971,1972,2
collijo01,John Collins,PF,2018,2026,9
colliky01,Kyle Collinsworth,SF,2018,2018,1
collima01,Mardy Collins,SF,2007,2010,4
collini01,Nick Collison,C,2005,2018,14
collish01,Sherron Collins,PG,2011,2011,1
colliyu01,Yuri Collins,PG,2025,2025,1
colliza01,Zach Collins,C,2018,2026,8
colsobo01,Bonzie Colson,SF,2019,2019,1
colsose01,Sean Colson,PG,2001,2001,1
coltest01,Steve Colter,PG,1985,1995,8
comanch01,Chance Comanche,C,2023,2023,1
combsle01,Leroy Combs,SF,1984,1984,1
comegda01,Dallas Comegys,PF,1988,1989,2
comlela01,Larry Comley,N/A,1964,1964,1
conlege01,Gene Conley,PF,1953,1964,6
conlemi01,Mike Conley,PG,2008,2026,19
conlied01,Ed Conlin,SF,1956,1962,7
conloma01,Marty Conlon,C,1992,2000,9
connapa01,Pat Connaughton,SG,2016,2026,11
connele01,Lester Conner,PG,1983,1995,12
conrowi01,Will Conroy,PG,2007,2013,3
cookan01,Anthony Cook,PF,1991,1996,4
cookbe01,Bert Cook,SG,1955,1955,1
cookbo01,Bobby Cook,N/A,1950,1950,1
cookbr01,Brian Cook,C,2004,2012,9
cookda01,Darwin Cook,SG,1981,1989,8
cookda02,Daequan Cook,SG,2008,2013,6
cookech01,Charles Cooke,SG,2018,2018,1
cookeda01,David Cooke,PF,1986,1986,1
cookeja01,Javonte Cooke,SG,2026,2026,1
cookejo01,Joe Cooke,SG,1971,1971,1
cookje01,Jeff Cook,PF,1980,1988,8
cookno01,Norm Cook,SF,1977,1978,2
cookom01,Omar Cook,PG,2004,2005,2
cookqu01,Quinn Cook,PG,2017,2021,5
cooksxa01,Xavier Cooks,PF,2023,2023,1
cookty01,Tyler Cook,PF,2020,2022,3
cooleja01,Jack Cooley,C,2015,2018,2
coopech01,Chuck Cooper,N/A,1951,1956,6
coopedu01,Duane Cooper,PG,1993,1994,2
coopejo01,Joe Cooper,C,1982,1985,3
coopemi01,Michael Cooper,SG,1979,1990,12
coopesh01,Sharife Cooper,PG,2022,2026,2
coopewa01,Wayne Cooper,C,1979,1992,14
copato01,Tom Copa,C,1992,1992,1
copelch01,Chris Copeland,PF,2013,2016,4
copelho01,Hollis Copeland,SF,1980,1982,2
copella01,Lanard Copeland,SG,1990,1992,2
corbity01,Tyrone Corbin,SF,1986,2001,16
corchch01,Chris Corchiani,PG,1992,1994,3
corlera01,Ray Corley,N/A,1950,1953,3
cornepe01,Petr Cornelie,PF,2022,2022,1
corzida01,Dave Corzine,C,1979,1991,13
costela01,Larry Costello,PG,1955,1968,12
costema01,Matt Costello,C,2018,2018,1
cottobr01,Bryce Cotton,PG,2015,2016,2
cottoja01,Jack Cotton,N/A,1950,1950,1
cottoja02,James Cotton,SG,1998,1999,2
coughjo01,John Coughran,SF,1980,1980,1
coulibi01,Bilal Coulibaly,SF,2024,2026,3
councri01,Ricky Council IV,SG,2024,2025,2
countme01,Mel Counts,C,1965,1976,12
courtjo01,Joe Courtney,PF,1993,1997,4
courtst01,Steve Courtin,SG,1965,1965,1
couside01,DeMarcus Cousins,C,2011,2022,11
cousima01,Marcus Cousin,C,2011,2011,1
cousybo01,Bob Cousy,PG,1951,1970,14
covinro01,Robert Covington,SF,2014,2024,11
cowarce01,Cedric Coward,SG,2026,2026,1
cowenda01,Dave Cowens,C,1971,1983,11
coxch01,Chubby Cox,SG,1983,1983,1
coxjo01,Johnny Cox,SG,1963,1963,1
coxwe01,Wesley Cox,SF,1978,1979,2
crabbal01,Allen Crabbe,SG,2014,2020,7
craigto01,Torrey Craig,SF,2018,2025,8
crawfch01,Chris Crawford,PF,1998,2004,7
crawffr01,Freddie Crawford,SG,1967,1971,5
crawfis01,Isaiah Crawford,SF,2025,2026,2
crawfja01,Jamal Crawford,PG,2001,2020,20
crawfjo01,Joe Crawford,SF,2009,2009,1
crawfjo02,Jordan Crawford,SG,2011,2018,6
creekmi01,Mitch Creek,SF,2019,2019,1
creigji01,Jim Creighton,SF,1976,1976,1
creviro01,Ron Crevier,C,1986,1986,1
crispjo01,Joe Crispin,PG,2002,2002,1
crissch01,Charlie Criss,PG,1978,1985,8
critewi01,Winston Crite,SF,1988,1989,2
crittja01,Javaris Crittenton,SG,2008,2009,2
crockdi01,Dillard Crocker,PF,1950,1953,3
crompge01,Geoff Crompton,C,1979,1984,5
crosbte01,Terry Crosby,PG,1980,1980,1
croshau01,Austin Croshere,PF,1998,2009,12
crossch01,Chink Crossin,N/A,1950,1950,1
crossje01,Jeff Cross,PF,1986,1986,1
crosspe01,Pete Cross,C,1971,1973,3
crossru01,Russell Cross,C,1984,1984,1
crottjo01,John Crotty,PG,1993,2003,11
crowdco01,Corey Crowder,SF,1992,1995,2
crowdja01,Jae Crowder,SF,2013,2025,13
crowma01,Mark Crow,SF,1978,1978,1
crutcja01,Jalen Crutcher,PG,2024,2024,1
cryerlj01,LJ Cryer,PG,2026,2026,1
cuiyo01,Cui Yongxi,SG,2025,2025,1
culveja01,Jarrett Culver,SG,2020,2023,4
cumbeja01,Jarron Cumberland,SG,2022,2022,1
cummipa01,Pat Cummings,C,1980,1991,12
cummite01,Terry Cummings,PF,1983,2000,18
cummivo01,Vonteego Cummings,PG,2000,2002,3
cunnibi01,Billy Cunningham,SF,1966,1976,9
cunnica01,Cade Cunningham,SG,2022,2026,5
cunnida01,Dante Cunningham,PF,2010,2019,10
cunnidi01,Dick Cunningham,C,1969,1975,7
cunnija01,Jared Cunningham,SG,2013,2016,4
cunniwi01,William Cunningham,C,1998,1999,2
curcira01,Radisav Ćurčić,C,1993,1993,1
curetea01,Earl Cureton,C,1981,1997,12
curlebi01,Bill Curley,PF,1995,2001,5
currafr01,Fran Curran,N/A,1950,1950,1
curryde01,Dell Curry,SG,1987,2002,16
curryed01,Eddy Curry,C,2002,2013,11
curryja01,JamesOn Curry,PG,2010,2010,1
currymi01,Michael Curry,SG,1994,2005,11
curryse01,Seth Curry,PG,2014,2026,12
curryst01,Stephen Curry,PG,2010,2026,17
cvetkra01,Rastko Cvetković,C,1996,1996,1
dadiepa01,Pacome Dadiet,SG,2025,2025,1
dadiepa01,Pacôme Dadiet,SG,2026,2026,1
dahleed01,Ed Dahler,N/A,1952,1952,1
dailequ01,Quintin Dailey,SG,1983,1992,10
dalemsa01,Samuel Dalembert,C,2002,2015,13
dampier01,Erick Dampier,C,1997,2012,16
dampilo01,Louie Dampier,PG,1977,1979,3
dandrbo01,Bob Dandridge,SF,1970,1982,13
daniean01,Antonio Daniels,SG,1998,2011,13
daniedy01,Dyson Daniels,PG,2023,2026,4
danieer01,Erik Daniels,SF,2005,2005,1
daniell01,Lloyd Daniels,SG,1993,1998,5
daniema01,Marquis Daniels,SG,2004,2013,10
danieme01,Mel Daniels,C,1977,1977,1
danietr01,Troy Daniels,SG,2014,2020,7
danilsa01,Sasha Danilović,SG,1996,1997,2
dantlad01,Adrian Dantley,SF,1977,1991,15
dantomi01,Mike D'Antoni,SG,1974,1977,4
darcepe01,Pete Darcey,C,1953,1953,1
dardeji01,Jimmy Darden,N/A,1950,1950,1
dareyi01,Yinka Dare,C,1995,1998,4
darkje01,Jesse Dark,SG,1975,1975,1
darlina01,Nate Darling,SG,2021,2021,1
darroji01,Jimmy Darrow,N/A,1962,1962,1
dasiltr01,Tristan Da Silva,SF,2025,2026,2
datomlu01,Gigi Datome,SF,2014,2015,2
daughbr01,Brad Daugherty,C,1987,1994,8
davidje01,Jermareo Davidson,SF,2008,2009,2
davidko01,Kornél Dávid,SF,1999,2001,3
daviebo01,Bob Davies,PG,1950,1955,6
daviebr01,Brandon Davies,PF,2014,2015,2
davisan01,Antonio Davis,PF,1994,2006,13
davisan02,Anthony Davis,PF,2013,2026,14
davisba01,Baron Davis,PG,2000,2012,13
davisbe01,Ben Davis,PF,1997,2000,4
davisbo01,Bob Davis,SF,1973,1973,1
davisbr01,Brad Davis,PG,1978,1992,15
davisbr02,Brian Davis,SF,1994,1994,1
davisch01,Charlie Davis,SG,1972,1974,3
davisch02,Charles Davis,SF,1982,1990,8
davisda01,Dale Davis,PF,1992,2007,16
davisde01,Deyonta Davis,C,2017,2019,3
davisdw01,Dwight Davis,PF,1973,1977,5
davised01,Ed Davis,PF,2011,2022,12
davisem01,Emanual Davis,PG,1997,2003,6
davisgl01,Glen Davis,C,2008,2015,8
davisha01,Harry Davis,SF,1979,1980,2
davishu01,Hubert Davis,SG,1993,2004,12
davisjd01,JD Davison,SG,2023,2026,4
davisji01,Jim Davis,C,1968,1975,8
davisjo01,Johnny Davis,SG,1977,1986,10
davisjo02,Josh Davis,PF,2004,2012,4
davisjo06,Johnny Davis,SG,2023,2025,3
davisma01,Mark Davis,SF,1989,1989,1
davisma02,Mark Davis,SF,1996,2000,5
davisme01,Mel Davis,PF,1974,1977,4
davismi01,Mike Davis,SG,1970,1973,4
davismi02,Mickey Davis,SF,1973,1977,5
davismi03,Mike Davis,PF,1983,1983,1
davismo01,Monti Davis,PF,1981,1981,1
davispa01,Paul Davis,C,2007,2010,4
davisra01,Ralph Davis,SG,1961,1962,2
davisre01,Red Davis,N/A,1956,1956,1
davisri01,Ricky Davis,SG,1999,2010,12
davisro01,Ron Davis,SF,1977,1982,3
daviste01,Terry Davis,PF,1990,2001,10
daviste02,Terence Davis,SG,2020,2025,5
davisty01,Tyler Davis,C,2019,2019,1
daviswa01,Walt Davis,PF,1954,1958,5
daviswa03,Walter Davis,SF,1978,1992,15
dawkian01,Andre Dawkins,SG,2015,2015,1
dawkida01,Darryl Dawkins,C,1976,1989,14
dawkijo01,Johnny Dawkins,PG,1987,1995,9
dawkipa01,Paul Dawkins,SF,1980,1980,1
dawsobr01,Branden Dawson,PF,2016,2016,1
dawsoer01,Eric Dawson,C,2012,2012,1
dawsoto01,Tony Dawson,SF,1991,1995,2
dayeau01,Austin Daye,SF,2010,2015,6
dayeda01,Darren Daye,SF,1984,1988,5
daysda01,Darius Days,SF,2023,2023,1
dayto01,Todd Day,SG,1993,2001,8
deanegr01,Greg Deane,SG,1980,1980,1
debusda01,Dave DeBusschere,SF,1963,1974,12
deckga01,Gabriel Deck,PF,2021,2022,2
declean01,Andrew DeClercq,C,1996,2005,10
decolna01,Nando De Colo,SG,2013,2014,2
dedmode01,Dewayne Dedmon,C,2014,2023,10
deesar01,Archie Dees,PF,1959,1962,4
deherte01,Terry Dehere,PG,1994,1999,6
dejeabr01,Bryce Dejean-Jones,SG,2016,2016,1
dekkesa01,Sam Dekker,PF,2016,2022,5
delanma01,Malcolm Delaney,PG,2017,2018,2
delauja01,Javin DeLaurier,C,2022,2022,1
delebi01,Bison Dele,PF,1992,1999,8
delfica01,Carlos Delfino,SG,2005,2013,8
delgaan01,Ángel Delgado,C,2019,2019,1
delkto01,Tony Delk,PG,1997,2006,10
dellama01,Matthew Dellavedova,SG,2014,2023,9
delnevi01,Vinny Del Negro,SG,1989,2002,12
delonna01,Nate DeLong,N/A,1952,1952,1
dembofe01,Fennis Dembo,SF,1989,1989,1
demicla01,Larry Demic,PF,1980,1982,3
demineg01,Egor Dёmin,PG,2026,2026,1
dempsde01,Dell Demps,PG,1994,1997,3
dempsge01,George Dempsey,SG,1955,1959,5
denglu01,Luol Deng,SF,2005,2019,15
dennake01,Kenny Dennard,PF,1982,1984,3
dennibl01,Blaine Denning,N/A,1953,1953,1
dennide01,Dexter Dennis,SG,2024,2024,1
dennira01,RayJ Dennis,PG,2025,2026,2
dentmju01,Justin Dentmon,PG,2012,2013,2
dentora01,Randy Denton,C,1977,1977,1
derliro01,Rod Derline,SG,1975,1976,2
derozde01,DeMar DeRozan,SG,2010,2026,17
derrima01,Marcus Derrickson,PF,2019,2019,1
deutsda01,Dave Deutsch,N/A,1967,1967,1
devlico01,Corky Devlin,SG,1956,1958,3
dezonha01,Hank DeZonie,N/A,1951,1951,1
diabamo01,Moussa Diabaté,C,2023,2026,4
diakima01,Mamadi Diakite,PF,2021,2024,4
dialde01,Derrick Dial,SG,2000,2004,4
diallch01,Cheick Diallo,PF,2017,2022,5
diallha01,Hamidou Diallo,SG,2019,2024,6
diawamo01,Mohamed Diawara,SF,2026,2026,1
diawaya01,Yakhouba Diawara,SG,2007,2010,4
diawbo01,Boris Diaw,SG,2004,2017,14
diazgu01,Guillermo Díaz,SG,2008,2008,1
dickada01,Dan Dickau,PG,2003,2008,6
dickede01,Derrek Dickey,PF,1974,1978,5
dickedi01,Dick Dickey,PG,1952,1952,1
dickehe01,Henry Dickerson,SG,1976,1977,2
dickeka01,Kaniel Dickens,PF,2004,2008,3
dickemi01,Michael Dickerson,SG,1999,2003,5
dickgr01,Gradey Dick,SG,2024,2026,3
dickihu01,Hunter Dickinson,C,2026,2026,1
dienetr01,Travis Diener,PG,2006,2010,5
dienggo01,Gorgui Dieng,C,2014,2023,10
diengou01,Ousmane Dieng,PF,2023,2026,4
dierkco01,Connie Dierking,C,1959,1971,10
dietrco01,Coby Dietrick,C,1977,1983,7
digreer01,Ernie DiGregorio,PG,1974,1978,5
dillami01,Mickey Dillard,PG,1982,1982,1
dilliro01,Rob Dillingham,PG,2025,2026,2
dilloho01,Hook Dillon,N/A,1950,1950,1
dinkiby01,Byron Dinkins,PG,1990,1991,2
dinkija01,Jackie Dinkins,SF,1972,1972,1
dinwibi01,Bill Dinwiddie,SF,1968,1972,4
dinwisp01,Spencer Dinwiddie,PG,2015,2025,11
dioguik01,Ike Diogu,PF,2006,2012,6
diopde01,DeSagana Diop,C,2002,2013,12
dischte01,Terry Dischinger,SF,1963,1973,9
diutefr01,Fred Diute,SG,1955,1955,1
divacvl01,Vlade Divac,C,1990,2005,16
divindo01,Donte DiVincenzo,SG,2019,2026,8
dixonju01,Juan Dixon,PG,2003,2009,7
djordal01,Aleksandar Djordjevic,SG,1997,1997,1
doddea01,Earl Dodd,N/A,1950,1950,1
doleami01,Michael Doleac,C,1999,2008,10
dolhojo01,Joe Dolhon,N/A,1950,1951,2
dollbo01,Bob Doll,N/A,1950,1950,1
donalja01,James Donaldson,C,1981,1995,14
doncilu01,Luka Dončić,SG,2019,2026,8
donhabo01,Bob Donham,SG,1951,1954,4
donovbi01,Billy Donovan,PG,1988,1988,1
donovha01,Harry Donovan,N/A,1950,1950,1
doolike01,Keyon Dooling,PG,2001,2013,13
dorseja01,Jacky Dorsey,SF,1978,1981,3
dorsejo01,Joey Dorsey,PF,2009,2015,4
dorsety01,Tyler Dorsey,SG,2018,2023,3
dortlu01,Luguentz Dort,SF,2020,2026,7
dosunay01,Ayo Dosunmu,SG,2022,2026,5
dotsoda01,Damyean Dotson,SG,2018,2022,5
dotsode01,Devon Dotson,PG,2021,2023,3
doubyqu01,Quincy Douby,PG,2007,2009,3
douglbr01,Bruce Douglas,SG,1987,1987,1
douglch01,Chris Douglas-Roberts,SG,2009,2015,6
dougljo01,John Douglas,SG,1982,1983,2
douglle01,Leon Douglas,C,1977,1983,7
douglsh01,Sherman Douglas,PG,1990,2001,12
douglto01,Toney Douglas,PG,2010,2017,8
doumbse01,Sekou Doumbouya,PF,2020,2022,3
doveso01,Sonny Dove,PF,1968,1969,2
dowdeza01,Zabian Dowdell,PG,2011,2011,1
downist01,Steve Downing,C,1974,1975,2
dowtije01,Jeff Dowtin,PG,2022,2025,4
doyleda01,Danny Doyle,PF,1963,1963,1
doylemi01,Milton Doyle,SG,2018,2018,1
doziepj01,PJ Dozier,PG,2018,2025,7
doziete01,Terry Dozier,SF,1990,1990,1
dragigo01,Goran Dragić,PG,2009,2023,15
dragizo01,Zoran Dragić,SG,2015,2015,1
dreilgr01,Greg Dreiling,C,1987,1997,10
drellhe01,Henri Drell,SF,2024,2024,1
drewbr01,Bryce Drew,PG,1999,2004,6
drewjo01,John Drew,PF,1975,1985,11
drewla01,Larry Drew,PG,1981,1991,10
drewla02,Larry Drew II,PG,2015,2018,2
drexlcl01,Clyde Drexler,SG,1984,1998,15
driggna01,Nate Driggers,SG,1997,1997,1
driscte01,Terry Driscoll,PF,1971,1975,5
drobnpr01,Predrag Drobnjak,C,2002,2005,4
drollra01,Ralph Drollinger,C,1981,1981,1
drumman01,Andre Drummond,C,2013,2026,14
duartch01,Chris Duarte,SG,2022,2025,4
ducasal01,Alex Ducas,SG,2025,2025,1
duckedi01,Dick Duckett,PG,1958,1958,1
duckwke01,Kevin Duckworth,C,1987,1997,11
dudlech01,Charles Dudley,PG,1973,1979,6
dudlech02,Chris Dudley,C,1988,2003,16
dudleja01,Jared Dudley,PF,2008,2021,14
duerote01,Terry Duerod,SG,1980,1983,4
duffybo02,Bob Duffy,PG,1963,1965,3
duhonch01,Chris Duhon,PG,2005,2013,9
dukandu01,Duje Dukan,SF,2016,2016,1
dukeda01,David Duke Jr.,PG,2022,2025,4
dukeswa01,Walter Dukes,C,1956,1963,8
dumarjo01,Joe Dumars,SG,1986,1999,14
dumasri02,Richard Dumas,SF,1993,1996,3
dumasto01,Tony Dumas,SG,1995,1998,4
duncaan01,Andy Duncan,N/A,1950,1951,2
duncati01,Tim Duncan,PF,1998,2016,19
dunlemi01,Mike Dunleavy,PG,1977,1990,11
dunlemi02,Mike Dunleavy,SF,2003,2017,15
dunnkr01,Kris Dunn,PG,2017,2026,10
dunnpa01,Pat Dunn,SG,1958,1958,1
dunnry01,Ryan Dunn,SF,2025,2026,2
dunntr01,T.R. Dunn,SG,1978,1991,14
duprero01,Ronald Dupree,SF,2004,2011,6
duranke01,Kevin Durant,SG,2008,2026,18
durenja01,Jalen Duren,C,2023,2026,4
durenjo01,John Duren,PG,1981,1983,3
durhapa01,Pat Durham,SF,1993,1995,2
durrade01,Devin Durrant,SF,1985,1986,2
durreke01,Ken Durrett,SF,1972,1975,4
duvalde01,Dennis DuVal,PG,1975,1976,2
duvaltr01,Trevon Duval,PG,2019,2019,1
dykemcr01,Craig Dykema,SF,1982,1982,1
dykerge01,Gene Dyker,N/A,1954,1954,1
dysonje01,Jerome Dyson,PG,2012,2012,1
eacklle01,Ledell Eackles,SG,1989,1998,7
eakinji01,Jim Eakins,C,1977,1978,2
earlac01,Acie Earl,C,1994,1997,4
earleed01,Ed Earle,PF,1954,1954,1
earlycl01,Cleanthony Early,SF,2015,2016,2
easonta01,Tari Eason,PF,2023,2026,4
eatonma01,Mark Eaton,C,1983,1993,11
eavesje01,Jerry Eaves,PG,1983,1987,4
ebankde01,Devin Ebanks,SG,2011,2013,3
ebbenbi01,Bill Ebben,N/A,1958,1958,1
eberhal01,Al Eberhard,SF,1975,1978,4
ebind01,Ndudi Ebi,SF,2004,2005,2
echenja01,Jaime Echenique,C,2022,2022,1
eddieja01,Jarell Eddie,SF,2016,2018,3
eddiepa01,Patrick Eddie,C,1992,1992,1
eddledi01,Dike Eddleman,SF,1950,1953,4
edelike01,Kenton Edelin,SF,1985,1985,1
edeyza01,Zach Edey,C,2025,2026,2
edgecvj01,VJ Edgecombe,SG,2026,2026,1
edmonke01,Keith Edmonson,SG,1983,1984,2
edneyty01,Tyus Edney,PG,1996,2001,4
edwaran01,Anthony Edwards,SG,2021,2026,6
edwarbi01,Bill Edwards,PF,1994,1994,1
edwarbl01,Blue Edwards,SF,1990,1999,10
edwarca01,Carsen Edwards,SG,2020,2022,3
edwarco01,Corsley Edwards,C,2005,2005,1
edwardo01,Doug Edwards,PF,1994,1996,3
edwarfr01,Franklin Edwards,PG,1982,1988,7
edwarja01,James Edwards,C,1978,1996,19
edwarja02,Jay Edwards,SG,1990,1990,1
edwarje01,Jesse Edwards,C,2025,2025,1
edwarjo01,John Edwards,C,2005,2006,2
edwarju01,Justin Edwards,SF,2025,2026,2
edwarke01,Kevin Edwards,SG,1989,2001,11
edwarke02,Kessler Edwards,SF,2022,2025,4
edwarro01,Rob Edwards,SG,2022,2022,1
edwarsh01,Shane Edwards,SF,2014,2014,1
edwarvi01,Vince Edwards,SF,2019,2019,1
eganjo01,Johnny Egan,PG,1962,1972,11
ehlocr01,Craig Ehlo,SG,1984,1997,14
eichhdi01,Rich Eichhorst,N/A,1962,1962,1
eisleho01,Howard Eisley,PG,1995,2006,12
ekeziob01,Obinna Ekezie,PF,2000,2005,4
elamikh01,Khalid El-Amin,PG,2001,2001,1
eliema01,Mario Elie,SF,1991,2001,11
ellebcj01,CJ Elleby,SF,2021,2022,2
ellefra01,Ray Ellefson,N/A,1951,1951,1
ellenhe01,Henry Ellenson,PF,2017,2021,5
ellinwa01,Wayne Ellington,SG,2010,2022,13
elliobo01,Bob Elliott,PF,1979,1981,3
elliose01,Sean Elliott,SF,1990,2001,12
ellisbo01,Boo Ellis,PF,1959,1960,2
ellisbo02,Bo Ellis,PF,1978,1980,3
ellisda01,Dale Ellis,SF,1984,2000,17
ellisha01,Harold Ellis,SF,1994,1998,3
ellisjo01,Joe Ellis,SF,1967,1974,8
elliske01,Keon Ellis,SG,2023,2026,4
ellisla01,LaPhonso Ellis,PF,1993,2003,11
ellisle01,Leroy Ellis,C,1963,1976,14
ellisle02,LeRon Ellis,C,1992,1996,3
ellismo01,Monta Ellis,SG,2006,2017,12
ellispe01,Pervis Ellison,C,1990,2001,11
elmorle01,Len Elmore,C,1977,1984,8
elsonfr01,Francisco Elson,C,2004,2012,9
elstoda01,Darrell Elston,SG,1977,1977,1
elyme01,Melvin Ely,C,2003,2014,9
embiijo01,Joel Embiid,C,2017,2026,10
embrywa01,Wayne Embry,C,1959,1969,11
emmetan01,Andre Emmett,SG,2005,2012,2
enarutr01,Tristan Enaruna,SF,2026,2026,1
englech01,Chris Engler,C,1983,1988,5
englewa01,Wayne Engelstad,PF,1989,1989,1
engliaj01,A.J. English,SG,1991,1992,2
englial01,Alex English,SF,1977,1991,15
englicl01,Claude English,N/A,1971,1971,1
englijo01,Jo Jo English,SG,1993,1995,3
engliki01,Kim English,SG,2013,2013,1
englisc01,Scott English,SF,1973,1973,1
engluge01,Gene Englund,N/A,1950,1950,1
ennisja01,James Ennis III,SF,2015,2022,8
ennisty01,Tyler Ennis,PG,2015,2018,4
eppsra01,Ray Epps,SF,1979,1979,1
erdense01,Semih Erden,C,2011,2012,2
eriasbo01,Bo Erias,SF,1958,1958,1
erickke01,Keith Erickson,SF,1966,1977,12
ervinju01,Julius Erving,SF,1977,1987,11
eschmev01,Evan Eschmeyer,C,2000,2003,4
esposvi01,Vincenzo Esposito,PG,1996,1996,1
essenno01,Noa Essengue,PF,2026,2026,1
etienty01,Tyson Etienne,PG,2025,2026,2
eubandr01,Drew Eubanks,PF,2019,2026,8
evansbo01,Bob Evans,N/A,1950,1950,1
evansbr01,Brian Evans,SF,1997,1999,3
evansea01,Earl Evans,PF,1980,1980,1
evansja01,Jawun Evans,PG,2018,2019,2
evansja02,Jacob Evans,SG,2019,2020,2
evansje01,Jeremy Evans,SF,2011,2018,7
evansma01,Maurice Evans,SG,2002,2012,9
evansmi01,Mike Evans,SG,1980,1988,9
evansre01,Reggie Evans,PF,2003,2015,13
evansty01,Tyreke Evans,SG,2010,2019,10
evbuoto01,Tosan Evbuomwan,SF,2024,2026,3
ewingda01,Daniel Ewing,SG,2006,2007,2
ewingpa01,Patrick Ewing,C,1986,2002,17
ewingpa02,Patrick Ewing,SF,2011,2011,1
exumda01,Dante Exum,PG,2015,2025,8
eyengch01,Christian Eyenga,SF,2011,2012,2
ezelife01,Festus Ezeli,C,2013,2016,3
ezersjo01,Johnny Ezersky,N/A,1950,1950,1
faircjo01,John Fairchild,SF,1966,1966,1
fallta01,Tacko Fall,C,2020,2022,3
farieke01,Kenneth Faried,PF,2012,2019,8
farledi01,Dick Farley,SG,1955,1959,3
farmajo01,Jordan Farmar,PG,2007,2017,10
farmede01,Desmon Farmer,SG,2007,2009,2
farmeji01,Jim Farmer,SG,1988,1994,5
farmemi01,Mike Farmer,SF,1959,1966,7
farmeto01,Tony Farmer,C,1998,2000,2
favervi01,Vítor Luiz Faverani,C,2014,2014,1
favorde01,Derrick Favors,PF,2011,2022,12
fazekni01,Nick Fazekas,PF,2008,2008,1
fearsje01,Jeremiah Fears,PG,2026,2026,1
fedorda01,Dave Fedor,N/A,1963,1963,1
feeribo01,Bob Feerick,N/A,1950,1950,1
feherbu01,Butch Feher,SG,1977,1977,1
feickja01,Jamie Feick,C,1997,2001,5
feierro01,Ron Feiereisel,N/A,1956,1956,1
feigege01,George Feigenbaum,N/A,1950,1953,2
feitlda01,Dave Feitl,C,1987,1992,5
feldeka01,Kay Felder,PG,2017,2018,2
feliccr01,Cristiano Felício,C,2016,2021,6
felixca01,Carrick Felix,SG,2014,2014,1
felixno01,Noel Felix,SF,2006,2006,1
felixra01,Ray Felix,C,1954,1962,9
feltora01,Raymond Felton,PG,2006,2019,14
fendlja01,Jake Fendley,SG,1952,1953,2
fergude01,Desmond Ferguson,SF,2004,2004,1
fergute01,Terrance Ferguson,SG,2018,2021,4
fernabr01,Bruno Fernando,C,2020,2025,6
fernaru01,Rudy Fernández,SG,2009,2012,4
fernser01,Eric Fernsten,C,1976,1984,6
ferraal01,Al Ferrari,SF,1956,1963,6
ferredu01,Duane Ferrell,SF,1989,1999,11
ferrero01,Rolando Ferreira,C,1989,1989,1
ferreyo01,Yogi Ferrell,PG,2017,2021,5
ferriar01,Arnie Ferrin,N/A,1950,1951,2
ferrybo01,Bob Ferry,C,1960,1969,10
ferryda01,Danny Ferry,PF,1991,2003,13
fesenky01,Kyrylo Fesenko,C,2008,2012,5
fieldke01,Kenny Fields,SF,1985,1988,4
fieldla01,Landry Fields,SG,2011,2015,5
filipky01,Kyle Filipowski,C,2025,2026,2
filipro01,Ron Filipek,N/A,1968,1968,1
fillmgr01,Greg Fillmore,C,1971,1972,2
finkeha01,Hank Finkel,C,1967,1975,9
finlemi01,Michael Finley,SF,1996,2010,15
finnda01,Danny Finn,SG,1953,1955,3
finnedo01,Dorian Finney-Smith,PF,2017,2026,10
fishede01,Derek Fisher,PG,1997,2014,18
fishma01,Matt Fish,C,1995,1997,3
fitchge01,Gerald Fitch,PG,2006,2006,1
fittsma01,Malik Fitts,PF,2021,2022,2
fizerma01,Marcus Fizer,PF,2001,2006,6
flaggco01,Cooper Flagg,SF,2026,2026,1
flaglad01,Adam Flagler,SG,2024,2025,2
fleisje01,Jerry Fleishman,SG,1950,1953,2
flemial01,Al Fleming,SF,1978,1978,1
flemied01,Ed Fleming,SG,1956,1960,5
flemira01,Rasheer Fleming,PF,2026,2026,1
flemive01,Vern Fleming,PG,1985,1996,12
florelu01,Luis Flores,PG,2005,2005,1
flowebr01,Bruce Flowers,PF,1983,1983,1
flowetr01,Trentyn Flowers,SF,2025,2026,2
floydsl01,Sleepy Floyd,PG,1983,1995,13
flynnjo01,Jonny Flynn,PG,2010,2012,3
flynnma01,Malachi Flynn,PG,2021,2025,5
flynnmi01,Mike Flynn,SG,1977,1978,2
foglela01,Larry Fogle,SG,1976,1976,1
foleyja01,Jack Foley,N/A,1963,1963,1
fontais01,Isaac Fontaine,SG,2002,2002,1
fontale01,Levi Fontaine,SG,1971,1971,1
fontesi01,Simone Fontecchio,SF,2023,2026,4
footeje01,Jeff Foote,C,2012,2012,1
forbebr01,Bryn Forbes,SG,2017,2023,7
forbega01,Gary Forbes,SF,2011,2012,2
fordal01,Alphonso Ford,PG,1994,1995,2
fordal02,Alton Ford,PF,2002,2004,3
fordal03,Aleem Ford,SF,2022,2022,1
fordch01,Chris Ford,SG,1973,1982,10
forddo01,Don Ford,SF,1976,1982,7
fordja01,Jake Ford,N/A,1971,1972,2
fordjo01,Jordan Ford,PG,2024,2024,1
fordph01,Phil Ford,PG,1979,1985,7
fordsh01,Sherell Ford,SF,1996,1996,1
fordsh02,Sharrod Ford,PF,2006,2006,1
fordtj01,T.J. Ford,PG,2004,2012,8
forreba01,Bayard Forrest,C,1978,1979,2
forretr01,Trent Forrest,PG,2021,2024,4
fortejo01,Joseph Forte,SG,2002,2003,2
fortsco01,Courtney Fortson,PG,2012,2012,1
fortsda01,Danny Fortson,PF,1998,2007,10
fostefr01,Fred Foster,SF,1969,1977,8
fostegr01,Greg Foster,PF,1991,2003,13
fosteje01,Jeff Foster,C,2000,2012,13
fostemi02,Michael Foster Jr.,PF,2023,2023,1
fostero01,Rod Foster,PG,1984,1986,3
fotsian01,Antonis Fotsis,PF,2002,2002,1
fournev01,Evan Fournier,SG,2013,2024,12
foustla01,Larry Foust,C,1951,1962,12
fowleje01,Jerry Fowler,N/A,1952,1952,1
fowlktr01,Tremaine Fowlkes,SF,2002,2005,4
foxde01,De'Aaron Fox,PG,2018,2026,9
foxha01,Harold Fox,PG,1973,1973,1
foxji01,Jim Fox,C,1968,1977,10
foxri01,Rick Fox,SF,1992,2004,13
foyera01,Randy Foye,PG,2007,2017,11
foylead01,Adonal Foyle,C,1998,2009,12
frahmri01,Richie Frahm,SF,2004,2008,4
francst01,Steve Francis,PG,2000,2008,9
frankja01,Jamaal Franklin,SG,2014,2015,2
frankro01,Robert Franks,PF,2021,2021,1
frankte01,Tellis Frank,PF,1988,1994,5
frazime01,Melvin Frazier,SG,2019,2022,3
frazimi01,Michael Frazier,SG,2020,2020,1
fraziti01,Tim Frazier,PG,2015,2022,8
fraziwa01,Walt Frazier,PG,1968,1980,13
fraziwi01,Will Frazier,PF,1966,1966,1
fredean01,Anthony Frederick,SF,1989,1992,3
fredeji01,Jimmer Fredette,PG,2012,2019,6
freeljo01,Joel Freeland,PF,2013,2015,3
freemdo01,Donnie Freeman,SG,1976,1976,1
freemen01,Enrique Freeman,PF,2025,2026,2
freemga01,Gary Freeman,SF,1971,1971,1
freemja01,Javon Freeman-Liberty,PG,2024,2024,1
freemro01,Rod Freeman,SF,1974,1974,1
freewo01,World B. Free,SG,1976,1988,13
freijma01,Matt Freije,PF,2005,2007,2
frienla01,Larry Friend,SG,1958,1958,1
frinkpa01,Pat Frink,SG,1969,1969,1
fritsji01,Jim Fritsche,PF,1954,1955,2
fryech01,Channing Frye,C,2006,2019,13
fryerbe01,Bernie Fryer,SG,1974,1975,2
fudgeal01,Alex Fudge,SF,2024,2024,1
fulksjo01,Joe Fulks,PF,1950,1954,5
fullehi01,Hiram Fuller,PF,2004,2004,1
fulleto01,Tony Fuller,SG,1981,1981,1
fulleto02,Todd Fuller,C,1997,2001,5
fultzma01,Markelle Fultz,SG,2018,2026,9
fundela01,Lawrence Funderburke,PF,1998,2005,7
funkan01,Andrew Funk,SG,2024,2024,1
furlote01,Terry Furlow,SG,1977,1980,4
furphjo01,Johnny Furphy,SG,2025,2026,2
gaborbi01,Bill Gabor,SG,1950,1955,6
gabriwe01,Wenyen Gabriel,PF,2020,2024,5
gadzuda01,Dan Gadzuric,C,2003,2012,10
gaffoda01,Daniel Gafford,C,2020,2026,7
gaide01,Deng Gai,C,2006,2006,1
gaineco01,Corey Gaines,SG,1989,1995,5
gaineel01,Elmer Gainer,N/A,1950,1950,1
gainere01,Reece Gaines,PG,2004,2006,3
gainesu01,Sundiata Gaines,PG,2010,2012,3
galemi01,Mike Gale,SG,1977,1982,6
gallach01,Chad Gallagher,C,1994,1994,1
gallaha01,Harry Gallatin,N/A,1950,1958,9
gallida01,Danilo Gallinari,SG,2009,2024,14
gallola01,Langston Galloway,PG,2015,2022,8
gambeda01,Dave Gambee,SF,1959,1970,12
gamblke01,Kevin Gamble,SF,1988,1997,10
garbajo01,Jorge Garbajosa,PF,2007,2008,2
garceru01,Rubén Garcés,PF,2001,2001,1
garcial01,Alex Garcia,SG,2004,2005,2
garcian01,Andersson Garcia,SF,2026,2026,1
garcifr01,Francisco García,SF,2006,2015,10
gardnmy01,Myron Gardner,SF,2026,2026,1
gardnth01,Thomas Gardner,SG,2008,2009,2
gardnve01,Vern Gardner,SG,1950,1952,3
garinpa01,Patricio Garino,SG,2017,2017,1
garlada01,Darius Garland,SG,2020,2026,7
garlaga01,Gary Garland,PG,1980,1980,1
garlawi01,Winston Garland,PG,1988,1995,7
garmadi01,Dick Garmaker,SG,1956,1961,6
garnebi02,Bill Garnett,C,1983,1986,4
garnech01,Chris Garner,PG,1998,2001,2
garneke01,Kevin Garnett,SF,1996,2016,21
garnema01,Marlon Garnett,PG,1999,1999,1
garrebi01,Billy Garrett,SG,2019,2019,1
garreca01,Calvin Garrett,SF,1981,1984,4
garrede01,Dean Garrett,C,1997,2002,6
garredi01,Dick Garrett,SG,1970,1974,5
garredi02,Diante Garrett,PG,2013,2014,2
garrema01,Marcus Garrett,SG,2022,2025,2
garrero01,Rowland Garrett,SF,1973,1977,5
garrijo01,John Garris,PF,1984,1984,1
garriki01,Kiwane Lemorris Garris,SG,1998,2000,2
garripa01,Pat Garrity,PF,1999,2008,10
garrito01,Tom Garrick,SG,1989,1992,4
garubus01,Usman Garuba,PF,2022,2024,3
garviji01,Jim Garvin,PF,1974,1974,1
garzalu01,Luka Garza,C,2022,2026,5
gasolma01,Marc Gasol,C,2009,2021,13
gasolpa01,Pau Gasol,PF,2002,2019,18
gatesfr01,Frank Gates,N/A,1950,1950,1
gateska01,Kaiser Gates,SF,2024,2024,1
gatlich01,Chris Gatling,PF,1992,2002,11
gattike01,Kenny Gattison,PF,1987,1996,9
gaydaed01,Ed Gayda,N/A,1951,1951,1
gayru01,Rudy Gay,SF,2007,2023,17
gazean01,Andrew Gaze,SG,1994,1999,2
gbinimi01,Michael Gbinije,SG,2017,2017,1
gearyre01,Reggie Geary,PG,1997,1998,2
geeal01,Alonzo Gee,SG,2010,2017,8
geigema01,Matt Geiger,C,1993,2002,10
gelabmi01,Mickaël Gelabale,SF,2007,2013,3
georgde01,Devean George,SF,2000,2010,11
georgja01,Jack George,PG,1954,1961,8
georgke01,Keyonte George,PG,2024,2026,3
georgky01,Kyshawn George,SG,2025,2026,2
georgma01,Marcus Georges-Hunt,SG,2017,2018,2
georgpa01,Paul George,SG,2011,2026,16
georgta01,Tate George,PG,1991,1995,4
gerargu01,Gus Gerard,SF,1977,1981,5
gervide01,Derrick Gervin,PF,1990,1991,2
gervige01,George Gervin,SF,1977,1986,10
gianejo01,John Gianelli,C,1973,1980,8
gibbsdi01,Dick Gibbs,SF,1972,1976,5
gibsoda01,Daniel Gibson,PG,2007,2013,7
gibsode01,Dee Gibson,N/A,1950,1950,1
gibsoho01,Hoot Gibson,N/A,1950,1950,1
gibsojo01,Jonathan Gibson,PG,2017,2018,2
gibsome01,Mel Gibson,N/A,1964,1964,1
gibsomi01,Mike Gibson,PF,1984,1986,2
gibsota01,Taj Gibson,PF,2010,2026,17
giddejo01,Josh Giddey,SF,2022,2026,5
giddejr01,J.R. Giddens,SF,2009,2010,2
gilbeke01,Keshon Gilbert,SG,2026,2026,1
gildetr01,Trey Gilder,SF,2010,2010,1
gilesha01,Harry Giles,PF,2019,2024,4
gilgesh01,Shai Gilgeous-Alexander,PG,2019,2026,8
gillan01,Anthony Gill,PF,2021,2026,6
gillebe01,Ben Gillery,C,1989,1989,1
gilleco01,Collin Gillespie,PG,2024,2026,3
gilled01,Eddie Gill,PG,2001,2009,7
gillefr01,Freddie Gillespie,PF,2021,2022,2
gilliar01,Armen Gilliam,PF,1988,2000,13
gillihe01,Herm Gilliam,SG,1970,1977,8
gillke01,Kendall Gill,SG,1991,2005,15
gilmoar01,Artis Gilmore,C,1977,1988,12
gilmowa01,Walt Gilmore,PF,1971,1971,1
gilmuch01,Chuck Gilmur,N/A,1950,1951,2
gilyaja01,Jacob Gilyard,PG,2023,2024,2
ginobma01,Manu Ginóbili,SG,2003,2018,16
giricgo01,Gordan Giriček,SG,2003,2008,6
givenja01,Jack Givens,SF,1979,1980,2
gladnmi01,Mickell Gladness,PF,2012,2012,1
glassge01,Gerald Glass,SF,1991,1996,4
glennmi01,Mike Glenn,SG,1978,1987,10
glickno01,Normie Glick,N/A,1950,1950,1
gloucge01,Georgi Glouchkov,PF,1986,1986,1
glovecl01,Clarence Glover,PF,1972,1972,1
glovedi01,Dion Glover,SG,2000,2005,6
glynian01,Andreas Glyniadakis,C,2007,2007,1
gminsmi01,Mike Gminski,C,1981,1994,14
goberru01,Rudy Gobert,C,2014,2026,13
godfrda01,Dan Godfread,C,1991,1992,2
golato01,Tom Gola,SG,1956,1966,10
goldivl01,Vladislav Goldin,C,2026,2026,1
goldwan01,Anthony Goldwire,PG,1996,2006,8
gomesry01,Ryan Gomes,PF,2006,2014,8
gondrgl01,Glen Gondrezick,SF,1978,1983,6
gondrgr01,Grant Gondrezick,SG,1987,1989,2
gonzahu01,Hugo González,SF,2026,2026,1
goodedr01,Drew Gooden,SF,2003,2016,14
goodrga01,Gail Goodrich,SG,1966,1979,14
goodrst01,Steve Goodrich,PF,2001,2002,2
goodwar01,Archie Goodwin,SG,2014,2017,4
goodwbr01,Brandon Goodwin,PG,2019,2022,4
goodwjo01,Jordan Goodwin,SG,2022,2026,5
gordoaa01,Aaron Gordon,PF,2015,2026,12
gordobe01,Ben Gordon,SG,2005,2015,11
gordodr01,Drew Gordon,PF,2015,2015,1
gordoer01,Eric Gordon,SG,2009,2026,18
gordola01,Lancaster Gordon,SG,1985,1988,4
gordopa01,Paul Gordon,N/A,1950,1950,1
gortama01,Marcin Gortat,C,2008,2019,12
gortmja01,Jazian Gortman,PG,2025,2025,1
goudean01,Andrew Goudelock,SG,2012,2016,3
govedba01,Bato Govedarica,PG,1954,1954,1
grabojo01,Joe Graboski,N/A,1950,1962,12
graceri01,Ricky Grace,PG,1994,1994,1
grahade01,Devonte' Graham,PG,2019,2024,6
grahagr01,Greg Graham,SG,1994,1998,5
grahajo01,Joey Graham,SF,2006,2011,6
grahama01,Mal Graham,PG,1968,1969,2
grahaor01,Orlando Graham,PF,1989,1989,1
grahapa01,Paul Graham,SG,1992,1994,3
grahast01,Stephen Graham,SG,2006,2011,6
grahatr01,Treveon Graham,SG,2017,2020,4
grandji01,Jim Grandholm,PF,1991,1991,1
grandro01,Ron Grandison,PF,1989,1996,4
grangda01,Danny Granger,SF,2006,2015,10
grangst01,Stewart Granger,PG,1984,1987,3
grantbr01,Brian Grant,PF,1995,2006,12
grantbu01,Bud Grant,N/A,1950,1951,2
grantdo01,Donte Grantham,SF,2019,2019,1
grantga01,Gary Grant,PG,1989,2001,13
grantgr01,Greg Grant,PG,1990,1996,6
grantha01,Harvey Grant,PF,1989,1999,11
grantho01,Horace Grant,PF,1988,2004,17
grantje01,Jerami Grant,SF,2015,2026,12
grantje02,Jerian Grant,PG,2016,2020,5
grantjo01,Josh Grant,PF,1994,1994,1
grantpa01,Paul Grant,C,1999,2004,2
granttr01,Travis Grant,SF,1973,1974,2
gratedo01,Don Grate,N/A,1950,1950,1
gravebu01,Butch Graves,SG,1985,1985,1
graveha01,Hassani Gravett,PG,2022,2022,1
grayaa01,Aaron Gray,C,2008,2014,7
grayde01,Devin Gray,PF,1997,2000,2
grayed01,Ed Gray,SG,1998,1999,2
grayeje01,Jeff Grayer,SG,1989,1998,9
grayev01,Evric Gray,SF,1997,1997,1
grayga01,Gary Gray,SG,1968,1968,1
grayha01,Hayden Gray,N/A,2026,2026,1
grayjo01,Josh Gray,PG,2018,2020,2
grayle01,Leonard Gray,PF,1975,1977,3
grayra01,RaiQuan Gray,PF,2023,2024,2
grayst01,Stuart Gray,C,1985,1991,7
graysy01,Sylvester Gray,SF,1989,1989,1
greacbo01,Bob Greacen,SF,1970,1971,2
greenac01,A.C. Green,PF,1986,2001,16
greenaj01,A.J. Green,SG,2023,2026,4
greenda01,Dave Greenwood,PF,1980,1991,12
greenda02,Danny Green,SG,2010,2024,15
greende01,Devin Green,SG,2006,2006,1
greendo01,Donté Greene,SF,2009,2012,4
greendr01,Draymond Green,SF,2013,2026,14
greener01,Erick Green,PG,2015,2016,2
greenge01,Gerald Green,SG,2006,2019,12
greenja01,JaMychal Green,PF,2015,2023,9
greenja02,Javonte Green,SG,2020,2026,7
greenja05,Jalen Green,SG,2022,2026,5
greenje01,Jerry Greenspan,SG,1964,1965,2
greenje02,Jeff Green,SF,2008,2026,18
greenjo01,Johnny Green,PF,1960,1973,14
greenjo02,Josh Green,SG,2021,2026,6
greenke01,Ken Green,PF,1986,1986,1
greenke02,Kenny Green,SF,1986,1987,2
greenla01,Lamar Green,PF,1970,1975,6
greenli01,Litterial Green,PG,1993,1999,5
greenlu01,Luther Green,PF,1973,1973,1
greenmi01,Mike Green,C,1977,1980,4
greenor01,Orien Greene,PG,2006,2011,4
greenri01,Rickey Green,PG,1978,1992,14
greense01,Sean Green,SG,1992,1994,3
greensi01,Si Green,SG,1957,1966,9
greensi02,Sidney Green,PF,1984,1993,10
greenst01,Steve Green,SF,1977,1979,3
greenta01,Taurean Green,SG,2008,2008,1
greento01,Tommie Green,PG,1979,1979,1
greenwi01,Willie Green,SG,2004,2015,12
greerha01,Hal Greer,SG,1959,1973,15
greerly01,Lynn Greer,SG,2007,2007,1
gregocl01,Claude Gregory,PF,1986,1988,2
gregoga01,Gary Gregor,PF,1969,1973,5
greigjo01,John Greig,SF,1983,1983,1
grekino01,Norm Grekin,N/A,1954,1954,1
greveke01,Kevin Grevey,SF,1976,1985,10
griffad01,Adrian Griffin,SG,2000,2008,9
griffaj01,AJ Griffin,SF,2023,2024,2
griffbl01,Blake Griffin,PF,2011,2023,13
griffda01,Darrell Griffith,SG,1981,1991,10
griffed01,Eddie Griffin,PF,2002,2007,5
griffgr01,Greg Griffin,SF,1978,1978,1
griffpa01,Paul Griffin,PF,1977,1983,7
griffta01,Taylor Griffin,SF,2010,2010,1
grigsch01,Chuck Grigsby,N/A,1955,1955,1
grimequ01,Quentin Grimes,SG,2022,2026,5
grimmde01,Derek Grimm,SF,1998,1998,1
groatdi01,Dick Groat,PG,1953,1953,1
grossbo01,Bob Gross,SF,1976,1983,8
groteje01,Jerry Grote,N/A,1965,1965,1
grozaal01,Alex Groza,N/A,1950,1951,2
grundan01,Anthony Grundy,SG,2006,2006,1
grunfer01,Ernie Grunfeld,SG,1978,1986,9
guarige01,Gene Guarilia,SF,1960,1963,4
gudmupe01,Pétur Guðmundsson,C,1982,1989,4
gudurma01,Marko Gudurić,SG,2020,2020,1
gueriri01,Richie Guerin,SG,1957,1970,13
gueyemo01,Mouhamadou Gueye,PF,2024,2026,2
gueyemo02,Mouhamed Gueye,PF,2024,2026,3
guglito01,Tom Gugliotta,PF,1993,2005,13
guibean01,Andrés Guibert,C,1994,1995,2
guidija01,Jay Guidinger,C,1993,1994,2
gunthda01,Dave Gunther,N/A,1963,1963,1
guokaal01,Al Guokas,N/A,1950,1950,1
guokama02,Matt Guokas,SG,1967,1976,10
gutiejo01,Jorge Gutiérrez,PG,2014,2016,3
guyky01,Kyle Guy,SG,2020,2022,3
guytoaj01,A.J. Guyton,PG,2001,2003,3
hachiru01,Rui Hachimura,PF,2020,2026,7
hackeru01,Rudy Hackett,PF,1977,1977,1
haddaha01,Hamed Haddadi,C,2009,2013,5
haffnsc01,Scott Haffner,PG,1990,1991,2
haganas01,Ashton Hagans,PG,2021,2024,2
hagancl01,Cliff Hagan,SF,1957,1966,10
hagangl01,Glenn Hagan,PG,1982,1982,1
hahnro01,Robert Hahn,N/A,1950,1950,1
hairsal01,Al Hairston,SG,1969,1970,2
hairsha01,Happy Hairston,PF,1965,1975,11
hairsli01,Lindsay Hairston,SF,1976,1976,1
hairsma01,Malik Hairston,SG,2009,2010,2
hairspj02,P.J. Hairston,SG,2015,2016,2
haislma01,Marcus Haislip,PF,2003,2010,4
halbech01,Chick Halbert,N/A,1950,1951,2
halbrsw01,Swede Halbrook,C,1961,1962,2
halebr01,Bruce Hale,N/A,1950,1951,2
haleyja01,Jack Haley,PF,1989,1998,9
halibty01,Tyrese Haliburton,PG,2021,2025,5
halimsh01,Shaler Halimon,SF,1969,1972,4
hallde01,Devon Hall,PG,2020,2020,1
halldo01,Donta Hall,PF,2020,2021,2
hallije01,Jeff Halliburton,SG,1972,1973,2
halljo01,Josh Hall,SF,2021,2021,1
halljo02,Jordan Hall,SF,2023,2023,1
hallmi01,Mike Hall,SF,2007,2007,1
hallpj01,PJ Hall,C,2025,2026,2
hallty01,Tyler Hall,SG,2022,2022,1
hamda01,Darvin Ham,SF,1997,2005,8
hamerst01,Steve Hamer,C,1997,1997,1
hamilda01,Dale Hamilton,N/A,1950,1950,1
hamilda02,Daniel Hamilton,SG,2018,2019,2
hamilde01,Dennis Hamilton,PF,1968,1969,2
hamiljo02,Jordan Hamilton,SF,2012,2016,5
hamilju01,Justin Hamilton,C,2014,2017,3
hamilri01,Richard Hamilton,SG,2000,2013,14
hamilro01,Roy Hamilton,PG,1980,1981,2
hamilst01,Steve Hamilton,SF,1959,1960,2
hamilta01,Tang Hamilton,SF,2002,2002,1
hamilth01,Thomas Hamilton,C,1996,2000,2
hamilze01,Zendon Hamilton,C,2001,2006,6
hammige01,Geert Hammink,C,1994,1996,3
hammoaj01,A.J. Hammons,C,2017,2017,1
hammoto01,Tom Hammonds,PF,1990,2001,12
hamptrj01,R.J. Hampton,SG,2021,2024,4
hancoda01,Darrin Hancock,SF,1995,1997,3
handlbe01,Ben Handlogten,C,2004,2005,2
hankiph01,Phil Hankinson,SF,1974,1975,2
hannadu01,Dusty Hannahs,SG,2019,2020,2
hannual01,Alex Hannum,PF,1950,1957,8
hanrado01,Don Hanrahan,N/A,1953,1953,1
hansbbe01,Ben Hansbrough,PG,2013,2013,1
hansbty01,Tyler Hansbrough,PF,2010,2016,7
hansebo01,Bob Hansen,SG,1984,1992,9
hansegl01,Glenn Hansen,SG,1976,1978,3
hansela01,Lars Hansen,C,1979,1979,1
hansetr01,Travis Hansen,SF,2004,2004,1
hansore01,Reggie Hanson,SF,1998,1998,1
hansro01,Rollen Hans,SG,1954,1955,2
hanzlbi01,Bill Hanzlik,SF,1981,1990,10
haranlu01,Luke Harangody,PF,2011,2012,2
hardaan01,Anfernee Hardaway,PG,1994,2008,14
hardati01,Tim Hardaway,PG,1990,2003,13
hardati02,Tim Hardaway Jr.,SG,2014,2026,13
hardeja01,James Harden,SG,2010,2026,17
hardire01,Reggie Harding,C,1964,1968,4
hardnch01,Charlie Hardnett,PF,1963,1965,3
hardyal01,Alan Hardy,SG,1981,1982,2
hardyja01,James Hardy,SF,1979,1982,4
hardyja02,Jaden Hardy,SG,2023,2026,4
hargijo01,John Hargis,N/A,1950,1951,2
harklej01,Elijah Harkless,SG,2025,2026,2
harklma01,Maurice Harkless,SF,2013,2022,10
harknje01,Jerry Harkness,PG,1964,1964,1
harlisk01,Skip Harlicka,PG,1969,1969,1
harmoje01,Jerome Harmon,SG,1995,1995,1
harpede01,Derek Harper,PG,1984,1999,16
harpedy01,Dylan Harper,SG,2026,2026,1
harpeja01,Jared Harper,PG,2020,2022,3
harpeju01,Justin Harper,PF,2012,2017,3
harpemi01,Mike Harper,PF,1981,1982,2
harpero01,Ron Harper,SG,1987,2001,15
harpero02,Ron Harper Jr.,PF,2023,2026,4
harprma01,Matt Harpring,SF,1999,2009,11
harrejo01,Josh Harrellson,PF,2012,2014,3
harremo01,Montrezl Harrell,PF,2016,2023,8
harriaa01,Aaron Harrison,SG,2016,2018,3
harriad01,Adam Harrington,SG,2003,2003,1
harrial01,Al Harrington,PF,1999,2014,16
harrian01,Andrew Harrison,PG,2017,2019,3
harriar01,Art Harris,SG,1969,1972,4
harribe01,Bernie Harris,PF,1975,1975,1
harribo01,Bob Harris,N/A,1950,1954,5
harribo02,Bob Harrison,N/A,1950,1958,9
harrich01,Chris Harris,SG,1956,1956,1
harrida01,David Harrison,C,2005,2008,4
harride01,Devin Harris,PG,2005,2019,15
harriel01,Elias Harris,SF,2014,2014,1
harriga01,Gary Harris,SG,2015,2026,12
harrija01,Jalen Harris,SG,2021,2021,1
harrijo01,Joe Harris,SG,2015,2024,10
harriju01,Junior Harrington,PG,2003,2007,3
harrike01,Kevon Harris,SG,2023,2024,2
harrilu01,Lucious Harris,SG,1994,2005,12
harrima01,Manny Harris,SG,2011,2017,4
harrimi01,Mike Harris,PF,2008,2014,4
harriot01,Othella Harrington,PF,1997,2008,12
harrish01,Shaquille Harrison,PG,2018,2024,7
harrist01,Steve Harris,SG,1986,1990,5
harrite01,Terrel Harris,SG,2012,2013,2
harrito01,Tony Harris,SG,1991,1995,3
harrito02,Tobias Harris,SF,2012,2026,15
harteis01,Isaiah Hartenstein,PF,2019,2026,8
hartja01,Jason Hart,PG,2001,2010,9
hartjo01,Josh Hart,SG,2018,2026,9
harvean01,Antonio Harvey,PF,1994,2003,8
harvedo01,Donnell Harvey,PF,2001,2005,5
haskicl01,Clem Haskins,PG,1968,1976,9
haskisc01,Scott Haskin,C,1994,1994,1
hasleud01,Udonis Haslem,PF,2004,2023,20
hassebi01,Billy Hassett,N/A,1950,1951,2
hassejo01,Joe Hassett,SG,1978,1983,6
hassetr01,Trenton Hassell,SG,2002,2010,9
hastisc01,Scott Hastings,PF,1983,1993,11
hastoki01,Kirk Haston,PF,2002,2003,2
hattove01,Vern Hatton,PG,1959,1962,4
hausesa01,Sam Hauser,SF,2022,2026,5
havlijo01,John Havlicek,SF,1963,1978,16
hawessp01,Spencer Hawes,C,2008,2017,10
hawesst01,Steve Hawes,C,1975,1984,10
hawkico01,Connie Hawkins,SF,1970,1976,7
hawkihe01,Hersey Hawkins,SG,1989,2001,13
hawkijo01,Jordan Hawkins,SG,2024,2026,3
hawkiju01,Juaquin Hawkins,SG,2003,2003,1
hawkima01,Marshall Hawkins,N/A,1950,1950,1
hawkimi01,Michael Hawkins,PG,1997,2001,4
hawkiro01,Bubbles Hawkins,SG,1976,1979,4
hawkito01,Tom Hawkins,SF,1960,1969,10
hawthna01,Nate Hawthorne,SG,1974,1976,3
hayesch01,Chuck Hayes,PF,2006,2016,11
hayesel01,Elvin Hayes,C,1969,1984,16
hayesja01,Jarvis Hayes,SF,2004,2010,7
hayesja02,Jaxson Hayes,C,2020,2026,7
hayeski01,Killian Hayes,PG,2021,2026,6
hayesni01,Nigel Hayes,SF,2018,2018,1
hayesni01,Nigel Hayes-Davis,SF,2026,2026,1
hayesst01,Steve Hayes,C,1982,1986,5
haywago01,Gordon Hayward,SF,2011,2024,14
haywala01,Lazar Hayward,SF,2011,2013,3
haywobr01,Brendan Haywood,C,2002,2015,13
haywosp01,Spencer Haywood,PF,1971,1983,12
headlu01,Luther Head,SG,2006,2011,6
healsh01,Shane Heal,PG,1997,2004,2
heanebr01,Brian Heaney,N/A,1970,1970,1
heardga01,Gar Heard,PF,1971,1981,11
hearnre01,Reggie Hearn,SG,2018,2018,1
heddehe01,Herm Hedderick,N/A,1955,1955,1
heggsal01,Alvin Heggs,SF,1996,1996,1
heinsto01,Tom Heinsohn,PF,1957,1965,9
hemridi01,Dick Hemric,PF,1956,1957,2
hendeal01,Alan Henderson,PF,1996,2007,12
hendece01,Cedric Henderson,PF,1987,1987,1
hendece02,Cedric Henderson,SF,1998,2002,5
hendeda01,Dave Henderson,SG,1988,1988,1
hendege01,Gerald Henderson,PG,1980,1992,13
hendege02,Gerald Henderson,SG,2010,2017,8
hendeje01,Jerome Henderson,C,1986,1987,2
hendejr01,J.R. Henderson,SF,1999,1999,1
hendeke01,Kevin Henderson,PG,1987,1988,2
hendesc01,Scoot Henderson,PG,2024,2026,3
hendeto01,Tom Henderson,PG,1975,1983,9
hendrma01,Mark Hendrickson,PF,1997,2000,4
hendrta01,Taylor Hendricks,PF,2024,2026,3
hennela01,Larry Hennessy,SG,1956,1957,2
henrido01,Don Henriksen,C,1953,1955,2
henryaa01,Aaron Henry,SF,2022,2022,1
henryal01,Al Henry,C,1971,1972,2
henrybi01,Bill Henry,N/A,1950,1950,1
henryca01,Carl Henry,SG,1986,1986,1
henryco01,Conner Henry,SG,1987,1988,2
henrymy01,Myke Henry,SF,2018,2018,1
henrysk01,Skeeter Henry,SG,1994,1994,1
henryxa01,Xavier Henry,SG,2011,2015,5
hensojo01,John Henson,PF,2013,2020,8
hensost01,Steve Henson,PG,1991,1999,7
hepbuch01,Chucky Hepburn,PG,2026,2026,1
hermabi01,Bill Herman,N/A,1950,1950,1
hermskl01,Kleggie Hermsen,N/A,1950,1953,3
hernade01,Dewan Hernandez,C,2020,2020,1
hernaju01,Juancho Hernangómez,PF,2017,2023,7
hernawi01,Willy Hernangómez,C,2017,2023,7
herreca01,Carl Herrera,PF,1992,1999,8
herrech01,Chris Herren,PG,2000,2001,2
herrmwa01,Walter Herrmann,PF,2007,2009,3
herroke01,Keith Herron,SG,1979,1982,3
herroty01,Tyler Herro,SG,2020,2026,7
hertzso01,Sonny Hertzberg,N/A,1950,1951,2
herveke01,Kevin Hervey,PF,2020,2020,1
hetzefr01,Fred Hetzel,SF,1966,1971,6
hewitbi01,Bill Hewitt,PF,1969,1975,6
heymaar01,Art Heyman,SG,1964,1966,3
hezonma01,Mario Hezonja,SF,2016,2020,5
hibbero01,Roy Hibbert,C,2009,2017,9
hicksis01,Isaiah Hicks,PF,2018,2019,2
hicksjj01,J.J. Hickson,C,2009,2016,8
hicksph01,Phil Hicks,SF,1977,1979,2
hieldbu01,Buddy Hield,SG,2017,2026,10
higgico01,Cory Higgins,PG,2012,2013,2
higgimi01,Mike Higgins,SF,1990,1991,2
higgiro01,Rod Higgins,SF,1983,1995,13
higgise01,Sean Higgins,SF,1991,1998,6
higgske01,Kenny Higgs,PG,1979,1982,3
highjo01,Johnny High,PG,1980,1984,4
highsha01,Haywood Highsmith,SF,2019,2026,6
hightwa01,Wayne Hightower,PF,1963,1967,5
hilarne01,Nenê,C,2003,2019,17
hillar01,Armond Hill,PG,1977,1984,8
hillcl01,Cleo Hill,SG,1962,1962,1
hillga01,Gary Hill,SG,1964,1965,2
hillge01,George Hill,PG,2009,2023,15
hillgr01,Grant Hill,SF,1995,2013,18
hillida01,Darrun Hilliard,SG,2016,2018,3
hilljo01,Jordan Hill,PF,2010,2017,8
hillma01,Malcolm Hill,SG,2022,2023,2
hillmda01,Darnell Hillman,C,1977,1980,4
hillso01,Solomon Hill,SF,2014,2022,9
hillst01,Steven Hill,PF,2009,2009,1
hillty01,Tyrone Hill,PF,1991,2004,14
hiltofr01,Fred Hilton,SG,1972,1973,2
hinriki01,Kirk Hinrich,PG,2004,2016,13
hinsobl01,Blake Hinson,SF,2026,2026,1
hinsoro01,Roy Hinson,SF,1984,1991,8
hintona01,Nate Hinton,SG,2021,2024,3
hitchle01,Lew Hitch,PF,1952,1957,6
hitero01,Robert Hite,SG,2007,2007,1
hoardja01,Jaylen Hoard,PF,2020,2022,3
hobsoda01,Darington Hobson,SG,2012,2012,1
hodgecr01,Craig Hodges,SG,1983,1992,10
hodgedm01,D'Moi Hodge,SG,2024,2024,1
hodgedo01,Donald Hodge,PF,1992,1996,5
hodgeju01,Julius Hodge,SG,2006,2007,2
hoffmpa01,Paul Hoffman,N/A,1950,1955,5
hogsebo01,Bob Hogsett,PF,1967,1967,1
hoguedu01,Paul Hogue,C,1963,1964,2
hoibefr01,Fred Hoiberg,SG,1996,2005,10
holcora01,Randy Holcomb,SF,2006,2006,1
holidaa01,Aaron Holiday,PG,2019,2026,8
holidjr01,Jrue Holiday,PG,2010,2026,17
holidju01,Justin Holiday,SG,2013,2024,11
hollabr01,Brad Holland,SG,1980,1982,3
hollajo01,Joe Holland,SF,1950,1952,3
hollajo02,John Holland,SF,2018,2019,2
hollaro01,Ron Holland,SF,2025,2026,2
hollawi01,Wilbur Holland,SG,1976,1979,4
hollies01,Essie Hollis,SF,1979,1979,1
hollili01,Lionel Hollins,PG,1976,1985,10
holliro01,Rondae Hollis-Jefferson,SF,2016,2021,6
holliry01,Ryan Hollins,C,2007,2016,10
holmeda01,DaRon Holmes,PF,2026,2026,1
holmeri01,Richaun Holmes,PF,2016,2025,10
holmgch01,Chet Holmgren,C,2024,2026,3
holstji01,Jim Holstein,SF,1953,1956,4
holtaw01,A.W. Holt,SF,1971,1971,1
holtomi01,Michael Holton,SG,1985,1990,6
holupjo01,Joe Holup,SF,1957,1959,3
holzmre01,Red Holzman,PG,1950,1954,5
honeyje01,Jerald Honeycutt,PF,1998,1999,2
honeyty01,Tyler Honeycutt,SF,2012,2013,2
hoodde01,Derek Hood,PF,2000,2000,1
hoodro01,Rodney Hood,SG,2015,2022,8
hoodsja01,Jalen Hood-Schifino,SG,2024,2025,2
hooveto01,Tom Hoover,C,1964,1967,3
hopkibo01,Bob Hopkins,C,1957,1960,4
hoppeda01,Dave Hoppen,C,1988,1993,6
hopsode01,Dennis Hopson,SG,1988,1992,5
hopsosc01,Scotty Hopson,SG,2014,2022,3
horanjo01,Johnny Horan,N/A,1956,1956,1
hordgce01,Cedrick Hordges,PF,1981,1982,2
horfoal01,Al Horford,C,2008,2026,19
horfoti01,Tito Horford,C,1989,1994,3
hornaje01,Jeff Hornacek,SG,1987,2000,14
hornede01,Dennis Horner,PF,2012,2012,1
hornro01,Ron Horn,SF,1962,1963,2
horryro01,Robert Horry,SF,1993,2008,16
hortoed01,Ed Horton,PF,1990,1990,1
hortota01,Talen Horton-Tucker,SG,2020,2025,6
hoskebi01,Bill Hosket,PF,1969,1972,4
houbrbo01,Bob Houbregs,N/A,1954,1958,5
houseda01,Danuel House Jr.,SG,2017,2024,8
houseed01,Eddie House,PG,2001,2011,11
houstal01,Allan Houston,SG,1994,2005,12
houstby01,Byron Houston,PF,1993,1996,4
houstca01,Caleb Houstan,SF,2023,2026,4
hovasto01,Tom Hovasse,SF,1995,1995,1
howarbr01,Brian Howard,SF,1992,1993,2
howardw01,Dwight Howard,PF,2005,2022,18
howargr01,Greg Howard,PF,1971,1972,2
howarje01,Jett Howard,SF,2024,2026,3
howarjo01,Josh Howard,SF,2004,2013,10
howarju01,Juwan Howard,PF,1995,2013,19
howarma02,Markus Howard,SG,2021,2022,2
howarmo01,Mo Howard,SG,1977,1977,1
howarot01,Otis Howard,PF,1979,1979,1
howarst01,Stephen Howard,SF,1993,1998,4
howarwi01,William Howard,PF,2020,2020,1
howelba01,Bailey Howell,PF,1960,1971,12
hubbaph01,Phil Hubbard,PF,1980,1989,10
hudgitr01,Trevor Hudgins,PG,2023,2023,1
hudsole01,Lester Hudson,PG,2010,2015,4
hudsolo01,Lou Hudson,SF,1967,1979,13
hudsotr01,Troy Hudson,PG,1998,2008,11
huertke01,Kevin Huerter,SG,2019,2026,8
huertma01,Marcelo Huertas,PG,2016,2017,2
huestjo01,Josh Huestis,PF,2016,2018,3
huffja01,Jay Huff,C,2022,2026,5
huffmna01,Nate Huffman,C,2003,2003,1
hugheed01,Eddie Hughes,PG,1988,1990,3
hugheel01,Elijah Hughes,SF,2021,2022,2
hugheki01,Kim Hughes,C,1977,1981,5
hughela01,Larry Hughes,PG,1999,2012,13
hugheri01,Alfredrick Hughes,SG,1986,1986,1
hugheri02,Rick Hughes,PF,2000,2000,1
hukpoar01,Ariel Hukporti,C,2025,2026,2
hummejo01,John Hummer,C,1971,1976,6
hummero01,Robbie Hummel,SF,2014,2015,2
humphis01,Isaac Humphries,C,2019,2019,1
humphja01,Jay Humphries,SG,1985,1995,11
humphkr01,Kris Humphries,PF,2005,2017,13
humphry01,Ryan Humphrey,PF,2003,2005,3
hundlho01,Hot Rod Hundley,PG,1958,1963,6
huntebr01,Brandon Hunter,PF,2004,2005,2
huntece01,Cedric Hunter,PG,1992,1992,1
huntech01,Chris Hunter,C,2010,2010,1
huntede01,De'Andre Hunter,SF,2020,2026,7
huntele01,Les Hunter,PF,1965,1965,1
hunteli01,Lindsey Hunter,PG,1994,2010,17
hunteot01,Othello Hunter,PF,2009,2010,2
hunterj01,R.J. Hunter,SG,2016,2019,4
huntest01,Steven Hunter,C,2002,2010,8
huntevi01,Vince Hunter,PF,2018,2018,1
huntfe01,Feron Hunt,SF,2022,2022,1
huntlcj01,CJ Huntley,SF,2026,2026,1
hurlebo01,Bobby Hurley,PG,1994,1998,5
hurtma01,Matthew Hurt,PF,2024,2024,1
hustoge01,Geoff Huston,PG,1980,1987,8
hutchch01,Chandler Hutchison,SF,2019,2022,4
hutchme01,Mel Hutchins,C,1952,1958,7
huttojo01,Joe Hutton,SG,1951,1952,2
hydergr01,Greg Hyder,SF,1971,1971,1
hylanbo01,Bones Hyland,SG,2022,2026,5
iavarma01,Marc Iavaroni,PF,1983,1989,7
ibakase01,Serge Ibaka,PF,2010,2023,14
ighodos01,Oso Ighodaro,PF,2025,2026,2
iguodan01,Andre Iguodala,SG,2005,2023,19
ilgauzy01,Zydrunas Ilgauskas,C,1998,2011,13
ilicmi01,Mile Ilić,C,2007,2007,1
ilyaser01,Ersan İlyasova,PF,2007,2021,13
imhofda01,Darrall Imhoff,C,1961,1972,12
ingelto01,Tom Ingelsby,PG,1974,1974,1
inglejo01,Joe Ingles,SF,2015,2026,12
inglida01,Damien Inglis,SF,2016,2016,1
ingraan01,Andre Ingram,SG,2018,2019,2
ingrabr01,Brandon Ingram,SF,2017,2026,10
ingraha01,Harrison Ingram,SF,2025,2026,2
ingramc01,McCoy Ingram,PF,1958,1958,1
irvinby01,Byron Irvin,SG,1990,1993,3
irvinky01,Kyrie Irving,PG,2012,2025,14
isaacjo01,Jonathan Isaac,PF,2018,2026,7
isselda01,Dan Issel,C,1977,1985,9
iuzzomi01,Mike Iuzzolino,PG,1992,1993,2
iversal01,Allen Iverson,PG,1997,2010,14
iveyja01,Jaden Ivey,SG,2023,2026,4
iveyro01,Royal Ivey,PG,2005,2014,10
iwundwe01,Wes Iwundu,SF,2018,2022,5
jackja01,Jarrett Jack,SG,2006,2018,13
jacksaa01,Aaron Jackson,PG,2018,2018,1
jacksal01,Al Jackson,N/A,1968,1968,1
jacksan01,Andre Jackson Jr.,SG,2024,2026,3
jacksbo01,Bobby Jackson,PG,1998,2009,12
jacksce01,Cedric Jackson,PG,2010,2010,1
jacksda01,Darnell Jackson,PF,2009,2011,3
jacksde01,Demetrius Jackson,PG,2017,2019,3
jacksfr01,Frank Jackson,PG,2019,2023,5
jacksgg01,GG Jackson II,PF,2024,2026,3
jacksgr01,Greg Jackson,SG,1975,1975,1
jacksis01,Isaiah Jackson,C,2022,2026,5
jacksja01,Jaren Jackson,SG,1990,2002,12
jacksja02,Jaren Jackson Jr.,PF,2019,2026,8
jacksje01,Jermaine Jackson,SG,2000,2006,5
jacksji01,Jim Jackson,SF,1993,2006,14
jacksjo02,Josh Jackson,SF,2018,2022,5
jacksju01,Justin Jackson,SF,2018,2024,7
jackslu01,Luke Jackson,PF,1965,1972,8
jackslu02,Luke Jackson,SF,2005,2008,4
jacksma01,Mark Jackson,PG,1988,2004,17
jacksma02,Marc Jackson,C,2001,2007,7
jacksmi02,Michael Jackson,PG,1988,1990,3
jacksmy01,Myron Jackson,PG,1987,1987,1
jacksph01,Phil Jackson,PF,1968,1980,12
jackspi01,Pierre Jackson,PG,2017,2017,1
jacksqu01,Quenton Jackson,PG,2023,2026,4
jacksra01,Ralph Jackson,PG,1985,1985,1
jacksra02,Randell Jackson,PF,1999,2000,2
jacksre01,Reggie Jackson,PG,2012,2025,14
jacksst01,Stanley Jackson,SG,1994,1994,1
jacksst02,Stephen Jackson,SF,2001,2014,14
jacksto02,Tony Jackson,PG,1981,1981,1
jackstr01,Tracy Jackson,SG,1982,1984,3
jackstr02,Trayce Jackson-Davis,PF,2024,2026,3
jackswa01,Wardell Jackson,SF,1975,1975,1
jacobca01,Casey Jacobsen,SF,2003,2008,4
jacobsa01,Sam Jacobson,PG,1999,2001,3
jakucka01,Kasparas Jakučionis,PG,2026,2026,1
jamerda01,Dave Jamerson,SG,1991,1994,3
jamesaa01,Aaron James,SF,1975,1979,5
jamesbe01,Bernard James,C,2013,2015,3
jamesbr02,Bronny James,SG,2025,2026,2
jamesda01,Damion James,SF,2011,2014,4
jamesge01,Gene James,N/A,1950,1951,2
jameshe01,Henry James,PF,1991,1998,7
jamesje01,Jerome James,C,1999,2009,9
jamesju01,Justin James,SF,2020,2021,2
jamesle01,LeBron James,SG,2004,2026,23
jamesmi01,Mike James,PG,2002,2014,12
jamesmi02,Mike James,PG,2018,2021,2
jamessi01,Sion James,SG,2026,2026,1
jamesti01,Tim James,SF,2000,2002,3
jamisan01,Antawn Jamison,SF,1999,2014,16
jamisha01,Harold Jamison,PF,2000,2002,2
janotho01,Howie Janotta,N/A,1950,1950,1
jaqueja01,Jaime Jaquez Jr.,SF,2024,2026,3
jaricma01,Marko Jarić,SF,2003,2009,7
jarosto01,Tony Jaros,N/A,1950,1951,2
jarrede01,DeJon Jarreau,SG,2022,2026,3
jasiksa01,Šarūnas Jasikevičius,PG,2006,2007,2
jawaina01,Nathan Jawai,PF,2009,2010,2
jeannbu01,Buddy Jeannette,N/A,1950,1950,1
jeelaab01,Abdul Jeelani,SF,1980,1981,2
jeffeal01,Al Jefferson,PF,2005,2018,14
jeffeam01,Amile Jefferson,PF,2019,2020,2
jeffech01,Chris Jefferies,SF,2003,2004,2
jeffeco01,Cory Jefferson,PF,2015,2016,2
jeffedo01,Dontell Jefferson,SG,2009,2009,1
jeffeot01,Othyus Jeffers,SG,2010,2014,3
jefferi01,Richard Jefferson,SF,2002,2018,17
jeffrda01,DaQuan Jeffries,SG,2020,2026,6
jeffrja01,Jared Jeffries,SF,2003,2013,11
jemistr01,Trey Jemison,C,2024,2026,3
jenkich01,Charles Jenkins,PG,2012,2013,2
jenkida01,Daniss Jenkins,PG,2025,2026,2
jenkiho01,Horace Jenkins,PG,2005,2005,1
jenkijo01,John Jenkins,SG,2013,2019,6
jennibr01,Brandon Jennings,PG,2010,2018,9
jennike01,Keith Jennings,PG,1993,1995,3
jentch01,Chris Jent,SF,1994,1997,2
jepsele01,Les Jepsen,C,1991,1992,2
jerebjo01,Jonas Jerebko,PF,2010,2019,9
jeromty01,Ty Jerome,SG,2020,2026,7
jerregr01,Grant Jerrett,PF,2015,2015,1
jetereu01,Eugene Jeter,PG,2011,2011,1
jianlyi01,Yi Jianlian,PF,2008,2012,5
joeis01,Isaiah Joe,SG,2021,2026,6
johnsaj01,AJ Johnson,SG,2025,2026,2
johnsal01,Alexander Johnson,PF,2007,2008,2
johnsal02,Alize Johnson,PF,2019,2023,5
johnsam01,Amir Johnson,SF,2006,2019,14
johnsan01,Andy Johnson,SF,1959,1962,4
johnsan02,Anthony Johnson,PG,1998,2010,13
johnsar01,Arnie Johnson,SF,1950,1953,4
johnsar02,Armon Johnson,PG,2011,2012,2
johnsav01,Avery Johnson,PG,1989,2004,16
johnsbj01,B.J. Johnson,SF,2019,2022,3
johnsbr01,Britton Johnsen,C,2004,2005,2
johnsbr02,Brice Johnson,PF,2017,2018,2
johnsbu01,Buck Johnson,SF,1987,1993,7
johnsca01,Carldell Johnson,PG,2012,2012,1
johnsca02,Cameron Johnson,PF,2020,2026,7
johnsch01,Charles Johnson,SG,1973,1979,7
johnsch02,Cheese Johnson,SF,1980,1980,1
johnsch03,Chris Johnson,C,2011,2013,3
johnsch04,Chris Johnson,SF,2013,2016,4
johnsch06,Chaney Johnson,SF,2026,2026,1
johnscl01,Clemon Johnson,C,1979,1988,10
johnscl02,Clay Johnson,SG,1982,1984,3
johnsda01,Dave Johnson,SG,1993,1994,2
johnsda02,Darryl Johnson,PG,1996,1996,1
johnsda03,Darius Johnson-Odom,SG,2013,2014,2
johnsda04,Dakari Johnson,C,2018,2018,1
johnsda08,David Johnson,SG,2022,2022,1
johnsde01,Dennis Johnson,SG,1977,1990,14
johnsde02,DeMarco Johnson,PF,2000,2000,1
johnsde03,DerMarr Johnson,SF,2001,2008,7
johnsed02,Eddie Johnson,SG,1978,1987,10
johnsed03,Eddie Johnson,SF,1982,1999,17
johnser01,Eric Johnson,PG,1990,1990,1
johnser02,Ervin Johnson,C,1994,2006,13
johnsfr01,Frank Johnson,PG,1982,1994,10
johnsge01,George Johnson,C,1971,1974,3
johnsge02,George Johnson,C,1973,1986,13
johnsge03,George Johnson,PF,1979,1986,8
johnsgu01,Gus Johnson,PF,1964,1973,10
johnsiv01,Ivan Johnson,PF,2012,2013,2
johnsja01,James Johnson,PF,2010,2025,16
johnsja02,JaJuan Johnson,PF,2012,2012,1
johnsja05,Jalen Johnson,PF,2022,2026,5
johnsji01,Jim Johnstone,PF,1983,1983,1
johnsjo01,John Johnson,SF,1971,1982,12
johnsjo02,Joe Johnson,SG,2002,2022,18
johnska01,Kannard Johnson,SF,1988,1988,1
johnske01,Ken Johnson,PF,1986,1986,1
johnske02,Kevin Johnson,PG,1988,2000,12
johnske03,Ken Johnson,C,2003,2003,1
johnske04,Keldon Johnson,SF,2020,2026,7
johnske07,Keon Johnson,SG,2022,2025,4
johnske08,Keyontae Johnson,SF,2024,2024,1
johnske10,Keshad Johnson,SF,2025,2026,2
johnsla01,Larry Johnson,SG,1978,1978,1
johnsla02,Larry Johnson,PF,1992,2001,10
johnsle01,Lee Johnson,PF,1981,1981,1
johnsli01,Linton Johnson,SF,2004,2009,6
johnsma01,Marques Johnson,SF,1978,1990,11
johnsma02,Magic Johnson,SG,1980,1996,13
johnsmi01,Mickey Johnson,PF,1975,1986,12
johnsna01,Nate Johnston,PF,1990,1990,1
johnsne01,Neil Johnston,C,1952,1959,8
johnsne02,Neil Johnson,PF,1967,1970,4
johnsni01,Nick Johnson,SG,2015,2015,1
johnsol01,Ollie Johnson,SF,1973,1982,10
johnsom01,Omari Johnson,PF,2018,2018,1
johnsor01,Orlando Johnson,SG,2013,2016,3
johnsra01,Ralph Johnson,PG,1950,1953,4
johnsre01,Reggie Johnson,PF,1981,1984,4
johnsri01,Rich Johnson,C,1969,1971,3
johnsro01,Ron Johnson,N/A,1961,1961,1
johnsst02,Steffond Johnson,PF,1987,1987,1
johnsst03,Steve Johnson,C,1982,1991,10
johnsst04,Stanley Johnson,SF,2016,2023,8
johnstr01,Trey Johnson,SG,2009,2012,3
johnstr03,Tre Johnson,SG,2026,2026,1
johnsty01,Tyler Johnson,SG,2015,2022,8
johnsvi01,Vinnie Johnson,SG,1980,1992,13
johnswe01,Wesley Johnson,SG,2011,2019,9
jokicni01,Nikola Jokić,C,2016,2026,11
jolifho01,Howie Jolliff,PF,1961,1963,3
jonesal01,Alvin Jones,C,2002,2002,1
jonesan01,Anthony Jones,SF,1987,1990,3
jonesas01,Askia Jones,SG,1995,1995,1
jonesbi01,Bill Jones,PF,1989,1989,1
jonesbo01,Bobby Jones,PF,1977,1986,10
jonesbo02,Bobby Jones,SF,2007,2008,2
jonesca01,Caldwell Jones,C,1977,1990,14
jonesca03,Carlik Jones,PG,2022,2023,2
jonesch01,Charles Jones,PF,1984,1998,15
jonesch02,Charles Jones,C,1985,1989,4
jonesch03,Charles Jones,SG,1999,2000,2
jonesco02,Colby Jones,SG,2024,2026,3
jonescu01,Curtis Jones,SG,2026,2026,1
jonesda01,Damon Jones,PG,1999,2009,11
jonesda02,Dahntay Jones,SG,2004,2017,13
jonesda03,Damian Jones,C,2017,2024,8
jonesda06,David Jones García,SF,2026,2026,1
jonesde01,DeQuan Jones,SF,2013,2013,1
jonesde02,Derrick Jones Jr.,SF,2017,2026,10
jonesdi01,Dillon Jones,SF,2025,2026,2
jonesdo01,Dontae' Jones,SF,1998,1998,1
jonesdo02,Dominique Jones,SG,2011,2013,3
jonesdw01,Dwight Jones,PF,1974,1983,10
jonesdw02,Dwayne Jones,PF,2006,2010,5
jonesea01,Earl Jones,C,1985,1986,2
jonesed01,Edgar Jones,PF,1981,1986,6
jonesed02,Eddie Jones,SG,1995,2008,14
jonesfr01,Fred Jones,SG,2003,2009,7
joneshe01,Herbert Jones,PF,2022,2026,5
joneshu01,Hutch Jones,SF,1983,1984,2
jonesis01,Isaac Jones,PF,2025,2026,2
jonesja01,Jake Jones,SG,1972,1972,1
jonesja02,James Jones,SF,2004,2017,14
jonesja04,Jalen Jones,SF,2018,2019,2
jonesje01,Jemerrio Jones,SF,2019,2022,2
jonesji01,Jimmy Jones,PG,1975,1977,3
jonesjo01,Johnny Jones,SF,1968,1968,1
jonesju01,Jumaine Jones,SF,2000,2007,8
joneska01,Kai Jones,C,2022,2025,3
joneska03,Kam Jones,SG,2026,2026,1
joneskc01,K.C. Jones,PG,1959,1967,9
joneske01,Kevin Jones,PF,2013,2013,1
jonesla01,Larry Jones,SG,1965,1974,2
jonesma01,Major Jones,PF,1980,1985,6
jonesma02,Mark Jones,PG,1984,1984,1
jonesma03,Mark Jones,SF,2005,2005,1
jonesma05,Mason Jones,SG,2021,2025,4
jonesni01,Nick Jones,PG,1968,1972,3
jonesoz01,Ozell Jones,C,1985,1986,2
jonespe01,Perry Jones,SF,2013,2015,3
jonespo01,Popeye Jones,PF,1994,2004,11
jonesri01,Rich Jones,SF,1977,1977,1
jonesro01,Robin Jones,C,1977,1978,2
jonessa01,Sam Jones,SG,1958,1969,12
jonessh01,Shelton Jones,SF,1989,1989,1
jonesso01,Solomon Jones,PF,2007,2014,8
jonessp01,Spencer Jones,SF,2025,2026,2
jonesst01,Steve Jones,SG,1976,1976,1
joneste01,Terrence Jones,PF,2013,2019,6
jonestr01,Tre Jones,PG,2021,2026,6
jonesty01,Tyus Jones,PG,2016,2026,11
joneswa01,Wah Wah Jones,PF,1950,1952,3
joneswa02,Wali Jones,SG,1965,1976,10
joneswi01,Willie Jones,PG,1961,1965,5
joneswi02,Wil Jones,PF,1977,1978,2
jordaad01,Adonis Jordan,PG,1994,1999,2
jordade01,DeAndre Jordan,C,2009,2026,18
jordaed01,Eddie Jordan,PG,1978,1984,7
jordaje01,Jerome Jordan,C,2012,2015,2
jordami01,Michael Jordan,SG,1985,2003,15
jordare01,Reggie Jordan,SG,1994,2000,6
jordath01,Thomas Jordan,PF,1993,1993,1
jordawa01,Walter Jordan,SF,1981,1981,1
jordoph01,Phil Jordon,N/A,1957,1963,7
jorgeno01,Noble Jorgensen,C,1950,1953,4
josepco01,Cory Joseph,PG,2012,2025,14
josepga01,Garth Joseph,C,2001,2001,1
josepkr01,Kris Joseph,SF,2013,2013,1
josepyv01,Yvon Joseph,C,1986,1986,1
jovicni01,Nikola Jović,PF,2023,2026,4
judkije01,Jeff Judkins,SF,1979,1983,5
juzanjo01,Johnny Juzang,SG,2023,2026,4
kabenmf01,Mfiondu Kabengele,C,2020,2023,3
kaftage01,George Kaftan,SF,1950,1953,4
kalafed01,Ed Kalafat,PF,1955,1957,3
kalaige01,Georgios Kalaitzakis,SF,2022,2022,1
kalkbry01,Ryan Kalkbrenner,C,2026,2026,1
kamanch01,Chris Kaman,C,2004,2016,13
kaminfr01,Frank Kaminsky,C,2016,2023,8
kanteen01,Enes Freedom,C,2012,2022,11
kaponja01,Jason Kapono,SF,2004,2012,9
karasse01,Sergey Karasev,SF,2014,2016,3
karlco01,Coby Karl,SG,2008,2010,2
karlge01,George Karl,PG,1977,1978,2
kasunma01,Mario Kasun,C,2005,2006,2
katkale01,Leo Katkaveck,N/A,1950,1950,1
kauffbo01,Bob Kauffman,C,1969,1975,7
kaunsa01,Sasha Kaun,C,2016,2016,1
kawamyu01,Yuki Kawamura,PG,2025,2026,2
keacl01,Clarence Kea,PF,1981,1982,2
kearnmi01,Mike Kearns,PG,1955,1955,1
kearnto01,Tommy Kearns,N/A,1959,1959,1
keefead01,Adam Keefe,PF,1993,2001,9
keeliha01,Harold Keeling,SG,1986,1986,1
keelstr01,Trevor Keels,SG,2023,2026,2
kelleky01,Kylor Kelley,C,2025,2025,1
kelleri01,Rich Kelley,C,1976,1986,11
kellocl01,Clark Kellogg,PF,1983,1987,5
kellymi02,Miles Kelly,PG,2026,2026,1
kellyry01,Ryan Kelly,PF,2014,2017,4
kelsegr01,Greg Kelser,SF,1980,1985,6
kelsobe01,Ben Kelso,SG,1974,1974,1
kempsh01,Shawn Kemp,PF,1990,2003,14
kemptti01,Tim Kempton,PF,1987,1998,8
kendrfr01,Frank Kendrick,SF,1975,1975,1
kennalu01,Luke Kennard,SG,2018,2026,9
kennedj01,D.J. Kennedy,SF,2012,2012,1
kennego01,Goo Kennedy,SF,1977,1977,1
kennejo01,Joe Kennedy,SF,1969,1970,2
kennepi01,Pickles Kennedy,N/A,1961,1961,1
kenonla01,Larry Kenon,PF,1977,1983,7
kentja01,Jayson Kent,SF,2026,2026,1
kenvibi01,Billy Kenville,PG,1954,1960,6
kernejo01,Jonathan Kerner,C,1999,1999,1
kerrija01,Jack Kerris,PF,1950,1953,4
kerrre01,Red Kerr,C,1955,1966,12
kerrst01,Steve Kerr,PG,1989,2003,15
kerseje01,Jerome Kersey,SF,1985,2001,17
kesslal01,Alec Kessler,C,1991,1994,4
kesslwa01,Walker Kessler,C,2023,2026,4
ketnela01,Lari Ketner,PF,2000,2001,2
keybr01,Braxton Key,SF,2022,2025,4
keysra01,Randolph Keys,SF,1989,1996,5
khryavi01,Viktor Khryapa,SF,2005,2008,4
kiddgmi01,Michael Kidd-Gilchrist,SF,2013,2020,8
kiddja01,Jason Kidd,PG,1995,2013,19
kiddst01,Stanton Kidd,SG,2020,2020,1
kiddwa01,Warren Kidd,PF,1994,1994,1
kiffiir01,Irv Kiffin,SF,1980,1980,1
kileyja01,Jack Kiley,SG,1952,1953,2
killuea01,Earnie Killum,N/A,1971,1971,1
kilpaca01,Carl Kilpatrick,C,1980,1980,1
kilpase01,Sean Kilpatrick,SG,2015,2018,4
kimbato01,Toby Kimball,PF,1967,1975,9
kimblbo01,Bo Kimble,SG,1991,1993,3
kimbrst01,Stan Kimbrough,PG,1990,1993,2
kinchch01,Chad Kinch,SG,1981,1981,1
kingal01,Albert King,SF,1982,1992,9
kingbe01,Bernard King,SF,1978,1993,14
kingch01,Chris King,SF,1994,1999,3
kingda01,Dan King,N/A,1955,1955,1
kingfr01,Frankie King,PG,1996,1997,2
kingge01,George King,PG,1952,1958,6
kingge02,Gerard King,SF,1999,2001,3
kingge03,George King,SF,2019,2022,2
kingji01,Jim King,PG,1964,1973,10
kingji02,Jimmy King,SG,1996,1997,2
kinglo02,Louis King,SF,2020,2023,4
kingma01,Maurice King,PG,1960,1963,2
kingre01,Reggie King,PF,1980,1985,6
kingri01,Rich King,C,1992,1995,4
kingst01,Stacey King,PF,1990,1997,8
kinnebo01,Bob Kinney,N/A,1950,1950,1
kinseta01,Tarence Kinsey,SG,2007,2009,3
kirilan01,Andrei Kirilenko,SF,2002,2015,13
kirkal01,Alex Kirk,C,2015,2015,1
kirkwa01,Walt Kirk,PG,1950,1952,2
kispeco01,Corey Kispert,SF,2022,2026,5
kistldo01,Doug Kistler,N/A,1962,1962,1
kitchcu01,Curtis Kitchen,PF,1987,1987,1
kitegr01,Greg Kite,C,1984,1995,12
kittlke01,Kerry Kittles,SG,1997,2005,8
klebima01,Maxi Kleber,PF,2018,2026,9
kleinjo01,Joe Kleine,C,1986,2000,15
kleizli01,Linas Kleiza,PF,2006,2013,7
klierle01,Leo Klier,N/A,1950,1950,1
klintbo01,Bobi Klintman,SF,2025,2026,2
kluehdu01,Duane Klueh,N/A,1950,1951,2
knechda01,Dalton Knecht,SF,2025,2026,2
knighbi01,Billy Knight,SF,1977,1985,9
knighbo01,Bob Knight,N/A,1955,1955,1
knighbr01,Brevin Knight,PG,1998,2009,12
knighbr02,Brandin Knight,PG,2005,2005,1
knighbr03,Brandon Knight,PG,2012,2022,9
knighna01,Nathan Knight,PF,2021,2023,3
knighne01,Negele Knight,PG,1991,1999,6
knighro01,Ron Knight,PF,1971,1972,2
knighto01,Toby Knight,SF,1978,1982,4
knightr01,Travis Knight,C,1997,2003,7
knorele01,Lee Knorek,N/A,1950,1950,1
knostdi01,Dick Knostman,C,1954,1954,1
knowlro01,Rod Knowles,N/A,1969,1969,1
knoxke01,Kevin Knox,PF,2019,2025,7
knuepko01,Kon Knueppel,SF,2026,2026,1
kofoeba01,Bart Kofoed,SG,1988,1993,5
kojisdo01,Don Kojis,SF,1964,1975,12
kolekty01,Tyler Kolek,PG,2025,2026,2
kolokch01,Christian Koloko,C,2023,2026,3
komenmi01,Milo Komenich,N/A,1950,1950,1
komivho01,Howard Komives,PG,1965,1974,10
konanya01,Yanic Konan Niederhäuser,C,2026,2026,1
koncajo01,Jon Koncak,C,1986,1996,11
konchjo01,John Konchar,SG,2020,2026,7
koperbu01,Bud Koper,SG,1965,1965,1
kopicjo01,Joe Kopicki,PF,1983,1985,3
korkmfu01,Furkan Korkmaz,SG,2018,2024,7
kornefr01,Frank Kornet,PF,1990,1991,2
kornelu01,Luke Kornet,C,2018,2026,9
korolya01,Yaroslav Korolev,SF,2006,2007,2
korveky01,Kyle Korver,SF,2004,2020,17
kosmale01,Len Kosmalski,C,1975,1976,2
koufoko01,Kosta Koufos,C,2009,2019,11
kozelto01,Tom Kozelko,PF,1974,1976,3
kramear01,Arvid Kramer,C,1980,1980,1
krameba01,Barry Kramer,SF,1965,1965,1
kramejo01,Joel Kramer,PF,1979,1983,5
kravtvi01,Viacheslav Kravtsov,C,2013,2014,2
krebsji01,Jim Krebs,C,1958,1964,7
krejcvi01,Vit Krejci,SG,2022,2025,4
krejcvi01,Vít Krejčí,PG,2026,2026,1
kreklwa01,Wayne Kreklow,SG,1981,1981,1
kronto01,Tommy Kron,SG,1967,1969,3
kroppto01,Tom Kropp,SG,1976,1977,2
krstine01,Nenad Krstić,PF,2005,2011,7
krystla01,Larry Krystkowiak,PF,1987,1997,9
kuberst01,Steve Kuberski,PF,1970,1978,9
kubiale01,Leo Kubiak,N/A,1950,1950,1
kuczebr01,Bruce Kuczenski,PF,1984,1984,1
kudelfr01,Frank Kudelka,N/A,1950,1953,4
kuestjo01,John Kuester,PG,1978,1980,3
kukocto01,Toni Kukoč,SF,1994,2006,13
kulboar01,Arnoldas Kulboka,SF,2022,2022,1
kuminjo01,Jonathan Kuminga,SF,2022,2026,5
kunneke01,Kevin Kunnert,C,1974,1982,9
kupchmi01,Mitch Kupchak,C,1977,1986,9
kupeccj01,C.J. Kupec,SF,1976,1978,3
kurucro01,Rodions Kurucs,SF,2019,2021,3
kurzro01,Rob Kurz,PF,2009,2009,1
kutluib01,Ibo Kutluay,SG,2005,2005,1
kuzmaky01,Kyle Kuzma,PF,2018,2026,9
kuzmimi01,Mindaugas Kuzminskas,SF,2017,2018,2
kuzmiog01,Ognjen Kuzmić,C,2014,2015,2
labissk01,Skal Labissière,PF,2017,2026,6
laceysa01,Sam Lacey,C,1971,1983,13
lacoufr01,Fred LaCour,SF,1961,1963,3
laettch01,Christian Laettner,PF,1993,2005,13
lafayol01,Oliver Lafayette,SG,2010,2010,1
lafrera01,Raef LaFrentz,C,1999,2008,10
lagarto01,Tom LaGarde,C,1978,1985,6
laimbbi01,Bill Laimbeer,C,1981,1994,14
lamarbo01,Bo Lamar,PG,1977,1977,1
lamban01,Anthony Lamb,SF,2021,2023,3
lambdo01,Doron Lamb,SG,2013,2014,2
lambejo01,John Lambert,PF,1976,1982,7
lambje01,Jeremy Lamb,SF,2013,2022,10
lampema01,Maciej Lampe,C,2004,2006,3
lampje01,Jeff Lamp,SF,1982,1989,6
lamplji01,Jim Lampley,C,1987,1987,1
lamplse01,Sean Lampley,SF,2003,2004,2
landajo01,Jock Landale,C,2022,2026,5
landrca01,Carl Landry,PF,2008,2016,9
landrma01,Marcus Landry,SF,2010,2010,1
landsma01,Mark Landsberger,PF,1978,1984,7
laneje01,Jerome Lane,PF,1989,1993,5
langan01,Andrew Lang,C,1989,2000,12
langan02,Antonio Lang,SF,1995,2000,6
langdtr01,Trajan Langdon,SG,2000,2002,3
langfke01,Keith Langford,SG,2008,2008,1
langfro01,Romeo Langford,SG,2020,2023,4
langhda01,Dan Langhi,SF,2001,2004,4
langja01,James Lang,C,2007,2007,1
laniebo01,Bob Lanier,C,1971,1984,14
laniech01,Chaz Lanier,SG,2026,2026,1
lantzst01,Stu Lantz,SG,1969,1976,8
laproni01,Nicolás Laprovíttola,PG,2017,2017,1
laravja01,Jake LaRavia,PF,2023,2026,4
laresyo01,York Larese,SG,1962,1962,1
larkish01,Shane Larkin,PG,2014,2018,4
larsspe01,Pelle Larsson,SG,2025,2026,2
larueru01,Rusty LaRue,PG,1998,2004,5
larusru01,Rudy LaRusso,PF,1960,1969,10
laskojo01,John Laskowski,SG,1976,1977,2
lasmest01,Stéphane Lasme,SF,2008,2008,1
lattida01,Dave Lattin,PF,1968,1969,2
laudepr01,Priest Lauderdale,C,1997,1998,2
laureri01,Rich Laurel,SG,1978,1978,1
lautewa01,Walt Lautenbach,N/A,1950,1950,1
lauvejo01,Joffrey Lauvergne,C,2015,2018,4
lavelto01,Tony Lavelli,N/A,1950,1951,2
lavinza01,Zach LaVine,PG,2015,2026,12
lavoybo01,Bob Lavoy,PF,1951,1954,4
lawac01,Acie Law,PG,2008,2011,4
lawalga01,Gani Lawal,PF,2011,2011,1
lawreed01,Edmund Lawrence,C,1981,1981,1
lawsoaj01,A.J. Lawson,SG,2023,2026,4
lawsoja01,Jason Lawson,C,1998,1998,1
lawsoty01,Ty Lawson,PG,2010,2017,8
lawvi01,Vic Law,PF,2020,2020,1
laymaja01,Jake Layman,SF,2017,2022,6
laytomo01,Mo Layton,PG,1972,1978,5
leaftj01,T.J. Leaf,PF,2018,2021,4
leaksma01,Manny Leaks,C,1973,1974,2
learha01,Hal Lear,N/A,1957,1957,1
leaveal01,Allen Leavell,PG,1980,1989,10
leboje01,Jeff Lebo,SG,1990,1990,1
leckner01,Eric Leckner,C,1989,1997,8
lecquja01,Jalen Lecque,SG,2020,2021,2
ledori01,Ricky Ledo,SG,2014,2015,2
leebu01,Butch Lee,PG,1979,1980,2
leecl01,Clyde Lee,C,1967,1976,10
leeco01,Courtney Lee,SG,2009,2020,12
leeda02,David Lee,SF,2006,2017,12
leeda03,Damion Lee,SG,2018,2025,7
leedeed01,Ed Leede,N/A,1950,1951,2
leedo01,Doug Lee,SG,1992,1995,3
leege01,George Lee,SF,1961,1968,7
leegr01,Greg Lee,PG,1976,1976,1
leeke01,Keith Lee,PF,1986,1989,3
leeku01,Kurk Lee,PG,1991,1991,1
leema01,Malcolm Lee,SG,2012,2015,3
leero01,Ron Lee,PG,1977,1982,6
leero02,Rock Lee,C,1982,1982,1
leeru01,Russ Lee,SF,1973,1975,3
leesa01,Saben Lee,PG,2021,2024,4
legleti01,Tim Legler,SG,1990,2000,10
lehmage01,George Lehmann,PG,1968,1969,2
lemonwa01,Walt Lemon Jr.,PG,2018,2019,2
lenal01,Alex Len,C,2014,2025,12
lenarvo01,Voshon Lenard,SG,1996,2006,11
leonaga01,Gary Leonard,C,1990,1992,3
leonaka01,Kawhi Leonard,SF,2012,2026,14
leoname01,Meyers Leonard,C,2013,2023,10
leonasl01,Slick Leonard,PG,1957,1963,7
leonsma01,Malevy Leons,SF,2025,2026,2
lesji01,Jim Les,PG,1989,1995,7
leslitr01,Travis Leslie,SG,2012,2012,1
lestero01,Ronnie Lester,PG,1981,1986,6
lettcl01,Clifford Lett,PG,1990,1991,2
leuerjo01,Jon Leuer,PF,2012,2019,8
levanan01,Andrew Levane,N/A,1950,1953,2
leverca01,Caris LeVert,SF,2017,2026,10
leverfa01,Fat Lever,PG,1983,1994,11
levincl01,Cliff Levingston,PF,1983,1995,11
lewisbo01,Bobby Lewis,SG,1968,1971,4
lewisce01,Cedric Lewis,C,1996,1996,1
lewisfr01,Freddie Lewis,N/A,1950,1950,1
lewisfr02,Freddie Lewis,PG,1967,1977,2
lewiski01,Kira Lewis Jr.,PG,2021,2024,4
lewisma01,Martin Lewis,SF,1996,1997,2
lewisma05,Maxwell Lewis,SF,2024,2025,2
lewisqu01,Quincy Lewis,SG,2000,2004,4
lewisra01,Ralph Lewis,SG,1988,1990,3
lewisra02,Rashard Lewis,SF,1999,2014,16
lewisre01,Reggie Lewis,SG,1988,1993,6
lewissc01,Scottie Lewis,SG,2022,2022,1
liberma01,Marcus Liberty,SF,1991,1994,4
lichtto01,Todd Lichti,SG,1990,1994,5
liddeej01,E.J. Liddell,PF,2024,2026,3
liggide01,DeAndre Liggins,SF,2012,2018,5
ligonbi01,Bill Ligon,SG,1975,1975,1
lillada01,Damian Lillard,PG,2013,2025,13
lingest01,Steve Lingenfelter,PF,1983,1984,2
linje01,Jeremy Lin,PG,2011,2019,9
listeal01,Alton Lister,C,1982,1998,16
littlna01,Nassir Little,PF,2020,2024,5
livelde01,Dereck Lively II,C,2024,2026,3
liveris01,Isaiah Livers,SF,2022,2026,4
livinch01,Chris Livingston,SF,2024,2026,3
livinra01,Randy Livingston,PG,1997,2007,11
livinro01,Ron Livingstone,N/A,1950,1951,2
livinsh01,Shaun Livingston,PG,2005,2019,14
llamaho01,Horacio Llamas,C,1997,1998,2
lloydea01,Earl Lloyd,SF,1951,1960,9
lloydle01,Lewis Lloyd,SG,1982,1990,7
lloydsc01,Scott Lloyd,C,1977,1983,6
lochmbo01,Bob Lochmueller,SF,1953,1953,1
lockhda01,Darrell Lockhart,C,1984,1984,1
lockhia01,Ian Lockhart,SF,1991,1991,1
lockro01,Rob Lock,PF,1989,1989,1
loderke01,Kevin Loder,SF,1982,1984,3
lofgrdo01,Don Lofgran,N/A,1951,1954,4
loftoke01,Kenneth Lofton Jr.,PF,2023,2024,2
loftoza01,Zach Lofton,SG,2019,2019,1
loganjo01,John Logan,N/A,1950,1951,2
lohaubr01,Brad Lohaus,PF,1988,1998,11
longar01,Art Long,PF,2001,2003,3
longgr01,Grant Long,PF,1989,2003,15
longjo01,John Long,SG,1979,1997,14
longllu01,Luc Longley,C,1992,2001,10
longpa01,Paul Long,SG,1968,1971,3
longsh01,Shawn Long,C,2017,2017,1
looneke01,Kevon Looney,PF,2016,2026,11
lopezbr01,Brook Lopez,C,2009,2026,18
lopezfe01,Felipe López,SG,1999,2002,4
lopezra01,Raül López,PG,2004,2005,2
lopezro01,Robin Lopez,C,2009,2024,16
lorthry01,Ryan Lorthridge,SG,1995,1995,1
loscuji01,Jim Loscutoff,SF,1956,1964,9
lottpl01,Plummer Lott,SF,1968,1969,2
loughke01,Kevin Loughery,SG,1963,1973,11
louzama01,Didi Louzada,SF,2021,2022,2
lovebo01,Bob Love,PF,1967,1977,11
loveca01,Caleb Love,SG,2026,2026,1
loveke01,Kevin Love,C,2009,2026,18
lovelcl01,Clyde Lovellette,C,1954,1964,11
loverla01,Lawson Lovering,C,2026,2026,1
lovest01,Stan Love,PF,1972,1975,4
lowerch01,Charlie Lowery,PG,1972,1972,1
lowesi01,Sidney Lowe,PG,1984,1990,4
lowryky01,Kyle Lowry,PG,2007,2026,20
loydjo01,Jordan Loyd,PG,2019,2019,1
lucasje01,Jerry Lucas,PF,1964,1974,11
lucasjo01,John Lucas,SG,1977,1990,14
lucasjo02,John Lucas III,PG,2006,2017,8
lucaska01,Kalin Lucas,PG,2015,2019,2
lucasma01,Maurice Lucas,PF,1977,1988,12
luckete01,Ted Luckenbill,PF,1962,1963,2
luety01,Tyronn Lue,PG,1999,2009,11
luisiji01,Jim Luisi,PG,1954,1954,1
lumpkph01,Phil Lumpkin,PG,1975,1976,2
lumppra01,Ray Lumpp,N/A,1950,1953,4
lundbga01,Gabriel Lundberg,SG,2022,2022,1
lundyse01,Seth Lundy,SF,2024,2024,1
luwawti01,Timothé Luwawu-Cabarrot,SF,2017,2022,6
lydonty01,Tyler Lydon,PF,2018,2019,2
lylestr01,Trey Lyles,PF,2016,2025,10
lynchge01,George Lynch,SF,1994,2005,12
lynchke01,Kevin Lynch,SG,1992,1993,2
lynnmi01,Mike Lynn,SF,1970,1971,2
macalmi01,Mike Macaluso,SF,1974,1974,1
macaued01,Ed Macauley,N/A,1950,1959,10
maccuto01,Todd MacCulloch,C,2000,2003,4
macgiro01,Ronnie MacGilvray,PG,1955,1955,1
machasc01,Scott Machado,PG,2013,2019,2
macijar01,Arvydas Macijauskas,SG,2006,2006,1
mackema01,Malcolm Mackey,C,1994,1994,1
macklru01,Rudy Macklin,SF,1982,1984,3
macklve01,Vernon Macklin,C,2012,2012,1
macknjo01,Johnny Macknowski,N/A,1950,1951,2
mackol01,Ollie Mack,SG,1980,1982,3
macksa01,Sam Mack,SF,1993,2002,7
macksh01,Shelvin Mack,PG,2012,2019,8
macledo01,Don MacLean,PF,1993,2001,9
maconda01,Daryl Macon,SG,2019,2020,2
maconma01,Mark Macon,SG,1992,1999,6
macurjp01,J.P. Macura,SG,2019,2020,2
macyky01,Kyle Macy,PG,1981,1987,7
maddoti01,Tito Maddox,SG,2003,2003,1
madkige01,Gerald Madkins,SG,1994,1998,3
madsema01,Mark Madsen,PF,2001,2009,9
magerno01,Norm Mager,N/A,1951,1951,1
magetjo01,Josh Magette,PG,2018,2020,2
maggeco01,Corey Maggette,SF,2000,2013,14
magleda01,Dave Magley,SF,1983,1983,1
magloja01,Jamaal Magloire,C,2001,2012,12
magnawi01,Will Magnay,C,2021,2021,1
mahinia01,Ian Mahinmi,C,2008,2020,12
mahnkjo01,John Mahnken,C,1950,1953,4
mahonmo01,Mo Mahoney,N/A,1953,1954,2
mahorri01,Rick Mahorn,PF,1981,1999,18
majerda01,Dan Majerle,SG,1989,2002,14
majorre01,Renaldo Major,PF,2007,2007,1
makerth01,Thon Maker,C,2017,2021,5
maledth01,Théo Maledon,PG,2021,2024,4
malonje01,Jeff Malone,SG,1984,1996,13
malonka01,Karl Malone,PF,1986,2004,19
malonma01,Matt Maloney,PG,1997,2003,6
malonmo01,Moses Malone,C,1977,1995,19
malovst01,Steve Malovic,PF,1980,1980,1
maluakh01,Khaman Maluach,C,2026,2026,1
mamuksa01,Sandro Mamukelashvili,PF,2022,2026,5
manakte01,Ted Manakas,SG,1974,1974,1
mandijo01,John Mandic,N/A,1950,1950,1
maneka01,Karim Mané,PG,2021,2021,1
mannida01,Danny Manning,PF,1989,2003,15
mannied01,Ed Manning,PF,1968,1971,4
mannini01,Nico Mannion,PG,2021,2021,1
mannipa01,Pace Mannion,SF,1984,1989,6
manniri01,Rich Manning,PF,1996,1997,2
mannte01,Terance Mann,SF,2020,2026,7
manntr01,Tre Mann,PG,2022,2026,5
manonch01,Chris Mañon,SG,2026,2026,1
mantini01,Nick Mantis,SG,1960,1963,2
maravpe01,Pete Maravich,SG,1971,1980,10
marblde01,Devyn Marble,SG,2015,2016,2
marblro01,Roy Marble,SG,1990,1994,2
marbust01,Stephon Marbury,PG,1997,2009,13
marcisa01,Šarūnas Marčiulionis,SG,1990,1997,7
marinja01,Jack Marin,SF,1967,1977,11
mariosh01,Shawn Marion,SF,2000,2015,16
marjabo01,Boban Marjanović,C,2016,2024,9
markkla01,Lauri Markkanen,PF,2018,2026,9
markoda01,Damir Markota,PF,2007,2007,1
marksse01,Sean Marks,PF,1999,2011,11
marlaha01,Harvey Marlatt,SG,1971,1973,3
marshdo01,Donyell Marshall,SF,1995,2009,15
marshdo02,Donny Marshall,SF,1996,2003,5
marshji01,Jim Marsh,SF,1972,1972,1
marshke01,Kendall Marshall,PG,2013,2016,4
marshna01,Naji Marshall,SF,2021,2026,6
marshra01,Rawle Marshall,SF,2006,2007,2
marshri01,Ricky Marsh,SG,1978,1978,1
marshto01,Tom Marshall,SF,1955,1959,4
marshve01,Vester Marshall,SF,1974,1974,1
martial01,Alijah Martin,SG,2026,2026,1
martibi01,Bill Martin,SF,1986,1988,3
martibo01,Bob Martin,C,1994,1995,2
martibr01,Brian Martin,PF,1986,1986,1
martica01,Cartier Martin,SF,2009,2015,7
martica02,Caleb Martin,SF,2020,2026,7
martico01,Cody Martin,SF,2020,2026,7
marticu01,Cuonzo Martin,SG,1996,1997,2
martida01,Darrick Martin,PG,1995,2008,13
martife01,Fernando Martín,C,1987,1987,1
martija01,Jarell Martin,PF,2016,2019,4
martija02,Jaylen Martin,SF,2025,2025,1
martije01,Jeff Martin,SG,1990,1991,2
martije02,Jeremiah Martin,PG,2020,2021,2
martike01,Kenyon Martin,PF,2001,2015,15
martike02,Kevin Martin,PG,2005,2016,12
martike03,Kelan Martin,SF,2020,2022,3
martike04,KJ Martin,SF,2021,2025,5
martila01,LaRue Martin,C,1973,1976,4
martima01,Maurice Martin,SF,1987,1988,2
martiph01,Phil Martin,SF,1955,1955,1
martisl01,Slater Martin,PG,1950,1960,11
martity01,Tyrese Martin,SG,2023,2026,3
martiwh01,Whitey Martin,SG,1962,1962,1
mashaja01,Jahmai Mashack,SG,2026,2026,1
mashbja01,Jamal Mashburn,SF,1994,2004,11
masinal01,Al Masino,PG,1953,1954,2
masonan01,Anthony Mason,PF,1990,2003,13
masonde01,Desmond Mason,SF,2001,2010,10
masonfr01,Frank Mason III,PG,2018,2021,4
masonro01,Roger Mason,SF,2003,2014,10
masseto01,Tony Massenburg,PF,1991,2005,13
masted01,Eddie Mast,PF,1971,1973,3
matenya01,Yante Maten,PF,2019,2019,1
mathega01,Garrison Mathews,SG,2020,2026,7
mathida01,Dakota Mathias,SG,2021,2022,2
mathima01,Mangok Mathiang,C,2018,2018,1
mathube01,Bennedict Mathurin,SG,2023,2026,4
matkoka01,Karlo Matković,PF,2025,2026,2
matthwe01,Wes Matthews,PG,1981,1990,9
matthwe02,Wesley Matthews,SG,2010,2024,15
maughar01,Ariel Maughan,N/A,1950,1951,2
maxeyma01,Marlon Maxey,PF,1993,1994,2
maxeyty01,Tyrese Maxey,SG,2021,2026,6
maxieja01,Jason Maxiell,PF,2006,2015,10
maxwece01,Cedric Maxwell,SF,1978,1988,11
maxweve01,Vernon Maxwell,SG,1989,2001,13
maybele01,Lee Mayberry,PG,1993,1999,7
maydo01,Don May,SF,1969,1975,7
mayescl01,Clyde Mayes,PF,1976,1977,2
mayesth01,Tharon Mayes,SG,1992,1992,1
mayfibi01,Bill Mayfield,SF,1981,1981,1
mayfike01,Ken Mayfield,SG,1976,1976,1
maynoer01,Eric Maynor,PG,2010,2014,5
mayooj01,O.J. Mayo,SG,2009,2016,8
maysc01,Scott May,SF,1977,1983,7
mayse01,Sean May,PF,2006,2010,4
mayssk01,Skylar Mays,SG,2021,2024,4
maystr01,Travis Mays,PG,1991,1993,3
mazzama01,Matt Mazza,N/A,1950,1950,1
mbahalu01,Luc Mbah a Moute,PF,2009,2020,12
mbengbe01,Bez Mbeng,SG,2026,2026,1
mbengdj01,D.J. Mbenga,C,2005,2011,7
mcadobo01,Bob McAdoo,PF,1973,1986,14
mcadoja01,James Michael McAdoo,PF,2015,2018,4
mcbrike01,Ken McBride,SG,1955,1955,1
mcbrimi01,Miles McBride,PG,2022,2026,5
mccaija01,Jared McCain,SG,2025,2026,2
mccalra01,Ray McCallum,PG,2014,2016,3
mccalta01,Tahjere McCall,SG,2019,2019,1
mccanbo01,Bob McCann,SF,1990,1998,5
mccanbr01,Brendan McCann,PG,1958,1960,3
mccanme01,Mel McCants,SF,1990,1990,1
mccanra01,Rashad McCants,SG,2006,2009,4
mccaran01,Andre McCarter,PG,1977,1981,3
mccarjo01,Johnny McCarthy,PG,1957,1964,6
mccarke01,Kelly McCarty,SG,1999,1999,1
mccarmi01,Mike McCarron,N/A,1950,1950,1
mccarwa01,Walter McCarty,PF,1997,2006,10
mccarwi01,Willie McCarter,SG,1970,1972,3
mccasam01,Amal McCaskill,C,1997,2004,4
mccawpa01,Patrick McCaw,SG,2017,2021,5
mccladw01,Dwayne McClain,SF,1986,1986,1
mcclate01,Ted McClain,SG,1977,1979,3
mcclesh01,Sheldon Mac,SG,2017,2017,1
mcclida01,Dan McClintock,C,2001,2001,1
mccloge01,George McCloud,SF,1990,2002,12
mccloja01,Jack McCloskey,SG,1953,1953,1
mccluma01,Mac McClung,PG,2022,2026,4
mccolcj01,CJ McCollum,SG,2014,2026,13
mcconbu01,Bucky McConnell,PG,1953,1953,1
mcconjo01,John McConathy,N/A,1952,1952,1
mccontj01,T.J. McConnell,PG,2016,2026,11
mccorke01,Keith McCord,SG,1981,1981,1
mccorti01,Tim McCormick,C,1985,1992,8
mccoyje01,Jelani McCoy,C,1999,2008,8
mccrach01,Chris McCray,SG,2007,2007,1
mccrapa01,Paul McCracken,SG,1973,1977,3
mccraro01,Rodney McCray,SF,1984,1993,10
mccrasc01,Scooter McCray,PF,1984,1987,3
mccreer01,Erik McCree,SF,2018,2018,1
mcculch01,Chris McCullough,PF,2016,2018,3
mcculjo01,John McCullough,SG,1982,1982,1
mcculke01,Kevin McCullar Jr.,SF,2025,2026,2
mcdancl01,Clint McDaniel,SG,1996,1996,1
mcdanja01,Jalen McDaniels,SF,2020,2025,6
mcdanja02,Jaden McDaniels,PF,2021,2026,6
mcdanji01,Jim McDaniels,C,1972,1978,5
mcdankj01,K.J. McDaniels,SG,2015,2017,3
mcdanxa01,Xavier McDaniel,SF,1986,1998,12
mcderdo01,Doug McDermott,SF,2015,2026,12
mcderse01,Sean McDermott,SF,2021,2021,1
mcdonbe01,Ben McDonald,SF,1986,1989,4
mcdongl01,Glenn McDonald,SF,1975,1977,3
mcdonmi01,Michael McDonald,C,1998,1998,1
mcdowha01,Hank McDowell,PF,1982,1987,6
mcdyean01,Antonio McDyess,PF,1996,2011,15
mcelrji01,Jim McElroy,PG,1976,1982,7
mcfariv01,Ivan McFarlin,PF,2007,2007,1
mcgarmi01,Mitch McGary,PF,2015,2016,2
mcgeeja01,JaVale McGee,C,2009,2024,16
mcgeemi01,Mike McGee,SF,1982,1990,9
mcgilbi01,Billy McGill,C,1963,1965,3
mcginge01,George McGinnis,PF,1976,1982,7
mcglojo01,Jon McGlocklin,SG,1966,1976,11
mcgowbr01,Bryce McGowens,SG,2023,2026,4
mcgratr01,Tracy McGrady,SF,1998,2012,15
mcgregi01,Gil McGregor,PF,1972,1972,1
mcgrica01,Cameron McGriff,SF,2022,2022,1
mcgruro01,Rodney McGruder,SG,2017,2023,7
mcguial01,Al McGuire,PG,1952,1955,4
mcguial02,Allie McGuire,SG,1974,1974,1
mcguidi01,Dick McGuire,PG,1950,1960,11
mcguido01,Dominic McGuire,SG,2008,2013,6
mchalke01,Kevin McHale,PF,1981,1993,13
mcilvji01,Jim McIlvaine,C,1995,2001,7
mcinnje01,Jeff McInnis,PG,1997,2008,11
mcintke01,Kenny McIntosh,SF,1972,1975,4
mckenfo01,Forrest McKenzie,SF,1987,1987,1
mckenke01,Kevin McKenna,SG,1982,1988,6
mckenst01,Stan McKenzie,SG,1968,1974,7
mckeyde01,Derrick McKey,SF,1988,2002,15
mckieaa01,Aaron McKie,SG,1995,2007,13
mckinal01,Alfonzo McKinnie,SF,2018,2022,5
mckinbi01,Billy McKinney,PG,1979,1986,7
mckinbo01,Bones McKinney,SF,1950,1952,3
mckinca01,Carlton McKinney,SG,1990,1992,2
mckintr01,Trey McKinney-Jones,SG,2018,2018,1
mclauja01,JaQuori McLaughlin,PG,2022,2022,1
mclaujo01,Jordan McLaughlin,PG,2020,2026,7
mclembe01,Ben McLemore,SG,2014,2022,9
mclemmc01,McCoy McLemore,SF,1965,1972,8
mcleoge01,George McLeod,N/A,1953,1953,1
mcleoke01,Keith McLeod,PG,2004,2007,4
mcleoro01,Roshown McLeod,SF,1999,2001,3
mcmahja01,Jack McMahon,PG,1953,1960,8
mcmilji01,Jim McMillian,SF,1971,1979,9
mcmilna01,Nate McMillan,PG,1987,1998,12
mcmilsh01,Shellie McMillon,PF,1959,1962,4
mcmilto01,Tom McMillen,C,1976,1986,11
mcmulma01,Mal McMullen,N/A,1950,1951,2
mcnamjo01,Joe McNamee,SF,1951,1952,2
mcnamma01,Mark McNamara,C,1983,1991,8
mcneach01,Chris McNealy,PF,1986,1988,3
mcneaje01,Jerel McNeal,PG,2015,2015,1
mcneeli01,Liam McNeeley,SF,2026,2026,1
mcneibo01,Bob McNeill,PG,1961,1962,2
mcneila01,Larry McNeill,PF,1974,1979,6
mcnulca01,Carl McNulty,SG,1955,1955,1
mcphepa01,Paul McPherson,PG,2001,2001,1
mcqueco01,Cozell McQueen,PF,1987,1987,1
mcraejo01,Jordan McRae,PG,2016,2020,4
mcreyth01,Thales McReynolds,N/A,1966,1966,1
mcrobjo01,Josh McRoberts,PF,2008,2018,11
mcveija01,Jack McVeigh,PF,2025,2025,1
mcwiler01,Eric McWilliams,PF,1973,1973,1
medvest01,Stanislav Medvedenko,PF,2001,2007,7
meeda01,Darnell Mee,SG,1994,1995,2
meeksjo01,Jodie Meeks,SG,2010,2019,10
meelycl01,Cliff Meely,PF,1972,1976,5
meentsc01,Scott Meents,PF,1990,1991,2
mehendi01,Dick Mehen,PF,1950,1952,3
meinemo01,Monk Meineke,PF,1953,1958,5
mejrisa01,Salah Mejri,C,2016,2019,4
mekelga01,Gal Mekel,PG,2014,2015,2
melchbi01,Bill Melchionni,PG,1967,1968,2
melchga01,Gary Melchionni,PG,1974,1975,2
mellini01,Nicolò Melli,C,2020,2021,2
melofa01,Fab Melo,C,2013,2013,1
meltode01,De'Anthony Melton,PG,2019,2026,8
meminde01,Dean Meminger,SG,1972,1977,6
mencech01,Chuck Mencel,PG,1956,1957,2
mengejo01,John Mengelt,SG,1972,1981,10
menkeke01,Ken Menke,N/A,1950,1950,1
mensana01,Nathan Mensah,C,2024,2024,1
mensapo01,Pops Mensah-Bonsu,PF,2007,2011,4
mercero01,Ron Mercer,SG,1998,2005,8
meriwjo01,Joe Meriweather,C,1976,1985,10
meriwpo01,Porter Meriwether,PG,1963,1963,1
merrisa01,Sam Merrill,SG,2021,2026,6
meschto01,Tom Meschery,PF,1962,1971,10
metuch01,Chimezie Metu,PF,2019,2024,6
meyerda01,Dave Meyers,PF,1976,1980,4
meyerlo01,Loren Meyer,C,1996,1999,3
miasest01,Stan Miasek,N/A,1950,1953,3
michela01,Larry Micheaux,PF,1984,1985,2
micicva01,Vasilije Micić,PG,2024,2025,2
mickejo01,Jordan Mickey,PF,2016,2018,3
middlkh01,Khris Middleton,SG,2013,2026,14
mihmch01,Chris Mihm,C,2001,2009,8
mikaer01,Eric Mika,C,2020,2020,1
mikaned01,Ed Mikan,C,1950,1954,5
mikange01,George Mikan,C,1950,1956,6
mikanla01,Larry Mikan,SF,1971,1971,1
mikkeve01,Vern Mikkelsen,PF,1950,1959,10
miksial01,Al Miksis,N/A,1950,1950,1
milesaa01,Aaron Miles,PG,2006,2006,1
milescj01,C.J. Miles,PG,2006,2022,16
milesda01,Darius Miles,SF,2001,2009,7
milesed01,Eddie Miles,SG,1964,1972,9
milicda01,Darko Miličić,C,2004,2013,10
milicma01,Marko Milič,SF,1998,1999,2
millean01,Anthony Miller,PF,1995,2005,8
millean02,Andre Miller,PG,2000,2016,17
millebo01,Bob Miller,PF,1984,1984,1
millebr01,Brad Miller,C,1999,2012,14
millebr02,Brandon Miller,SF,2024,2026,3
milleda01,Darius Miller,SF,2013,2021,6
milledi01,Dick Miller,SF,1981,1981,1
milleed01,Eddie Miller,C,1953,1954,2
milleem01,Emanuel Miller,PF,2025,2026,2
milleja01,Jay Miller,SF,1968,1969,2
millejo02,Jordan Miller,SF,2024,2026,3
millele01,Leonard Miller,SF,2024,2026,3
millema01,Malcolm Miller,SF,2018,2020,3
millemi01,Mike Miller,SF,2001,2017,17
milleol01,Oliver Miller,C,1993,2004,9
millequ01,Quincy Miller,PF,2013,2015,3
millere01,Reggie Miller,SG,1988,2005,18
millsch01,Chris Mills,SF,1994,2003,10
millsel01,Elijah Millsap,SG,2015,2017,3
millspa01,Paul Millsap,PF,2007,2022,16
millspa02,Patty Mills,PG,2010,2025,16
millste01,Terry Mills,PF,1991,2001,11
miltosh01,Shake Milton,SG,2019,2025,7
minayju01,Justin Minaya,SF,2023,2025,3
minerha01,Harold Miner,SG,1993,1996,4
mingya01,Yao Ming,C,2003,2011,8
minixri01,Riley Minix,SF,2025,2026,2
minnidi01,Dirk Minniefield,PG,1986,1988,3
minorda01,Dave Minor,SG,1952,1953,2
minorgr01,Greg Minor,SG,1995,1999,5
minorma01,Mark Minor,SF,1973,1973,1
minotjo01,Josh Minott,SF,2023,2026,4
mirotni01,Nikola Mirotić,PF,2015,2019,5
miskija01,Jason Miskiri,PG,2000,2000,1
missiyv01,Yves Missi,C,2025,2026,2
mitchaj01,Ajay Mitchell,SG,2025,2026,2
mitchda01,Davion Mitchell,PG,2022,2026,5
mitchdo01,Donovan Mitchell,SG,2018,2026,9
mitchmi01,Mike Mitchell,SF,1979,1988,10
mitchmu01,Murray Mitchell,N/A,1950,1950,1
mitchsa01,Sam Mitchell,PF,1990,2002,13
mitchto01,Todd Mitchell,SF,1989,1989,1
mitchto02,Tony Mitchell,PF,2014,2014,1
mitchto03,Tony Mitchell,SF,2014,2014,1
mitrona01,Naz Mitrou-Long,SG,2018,2020,3
mixst01,Steve Mix,SF,1970,1983,13
mlkvybi01,Bill Mlkvy,SF,1953,1953,1
moblecu01,Cuttino Mobley,PG,1999,2009,11
mobleer01,Eric Mobley,C,1995,1997,3
mobleev01,Evan Mobley,PF,2022,2026,5
mobleis01,Isaiah Mobley,PF,2023,2025,3
moffela01,Larry Moffett,SF,1978,1978,1
mogbojo01,Jonathan Mogbo,PF,2025,2026,2
mogusle01,Leo Mogus,N/A,1950,1951,2
mohamna01,Nazr Mohammed,C,1999,2016,18
moisoje01,Jérôme Moïso,C,2001,2005,5
mokespa01,Paul Mokeski,C,1980,1991,12
mokokad01,Adam Mokoka,SF,2020,2021,2
molinja01,Jack Molinas,SF,1954,1954,1
moliswa01,Wayne Molis,C,1967,1967,1
moncrsi01,Sidney Moncrief,SG,1980,1991,11
monekch01,Chima Moneke,SF,2023,2023,1
moneyer01,Eric Money,SG,1975,1980,6
moniase01,Sergei Monia,SF,2006,2006,1
monkma01,Malik Monk,SG,2018,2026,9
monroea01,Earl Monroe,SG,1968,1980,13
monrogr01,Greg Monroe,C,2011,2022,10
monroro01,Rodney Monroe,SG,1992,1992,1
montelu01,Luis Montero,SG,2016,2018,2
montgho01,Howie Montgomery,SF,1963,1963,1
montrer01,Eric Montross,C,1995,2002,8
moodymo01,Moses Moody,SG,2022,2026,5
mooneji01,Jim Mooney,SF,1953,1953,1
moonema01,Matt Mooney,SG,2020,2022,2
moonja01,Jamario Moon,SF,2008,2012,5
moonxa01,Xavier Moon,SG,2022,2024,3
moorean01,Andre Moore,PF,1988,1988,1
moorebe01,Ben Moore,PF,2018,2018,1
mooreet01,E'Twaun Moore,PG,2012,2021,10
mooreja01,Jackie Moore,SF,1955,1957,3
moorejo01,Johnny Moore,PG,1981,1990,9
moorelo01,Lowes Moore,PG,1981,1983,3
mooremi01,Mikki Moore,C,1999,2012,13
mooreot01,Otto Moore,C,1969,1977,9
moorero01,Ron Moore,C,1988,1988,1
mooreta02,Taze Moore,SG,2024,2025,2
mooretr01,Tracy Moore,SF,1992,1997,5
moorewe01,Wendell Moore Jr.,SG,2023,2026,4
moralal01,Alex Morales,PG,2026,2026,1
moranja01,Ja Morant,PG,2020,2026,7
moreler01,Eric Moreland,PF,2015,2019,4
morelja01,Jackie Moreland,PF,1961,1965,5
morgagu01,Guy Morgan,SG,1983,1983,1
morgaju01,Juwan Morgan,PF,2020,2022,3
morgare01,Rex Morgan,SG,1971,1972,2
mornida01,Darren Morningstar,C,1994,1994,1
morriad01,Adam Morrison,PF,2007,2010,3
morrich01,Chris Morris,SF,1989,1999,11
morrida01,Darius Morris,PG,2012,2015,4
morriis01,Isaiah Morris,SF,1993,1993,1
morrija01,Jaylen Morris,SG,2018,2022,3
morrima01,Max Morris,N/A,1950,1950,1
morrima02,Markieff Morris,PF,2012,2025,14
morrima03,Marcus Morris,PF,2012,2024,13
morrimi01,Mike Morrison,SG,1990,1990,1
morrimo01,Monte Morris,PG,2018,2026,9
morrira01,Randolph Morris,C,2007,2010,4
morrire01,Red Morrison,C,1955,1958,3
morrite01,Terence Morris,SF,2002,2006,3
morroan01,Anthony Morrow,SG,2009,2017,9
mortodw01,Dwayne Morton,PG,1995,1995,1
mortojo01,John Morton,SG,1990,1992,3
mortori01,Richard Morton,PG,1989,1989,1
moslegl01,Glenn Mosley,PF,1978,1979,2
mosspe01,Perry Moss,PG,1986,1987,2
motenla01,Lawrence Moten,SG,1996,1998,3
motiedo01,Donatas Motiejūnas,PF,2013,2019,6
motlejo01,Johnathan Motley,PF,2018,2020,3
mottoha01,Hanno Möttölä,SF,2001,2002,2
moultar01,Arnett Moultrie,PF,2013,2014,2
mournal01,Alonzo Mourning,C,1993,2008,15
mozgoti01,Timofey Mozgov,C,2011,2018,8
mrazoch01,Chuck Mrazovich,N/A,1951,1951,1
mudiaem01,Emmanuel Mudiay,PG,2016,2022,6
mueller01,Erwin Mueller,C,1967,1973,7
muhamsh01,Shabazz Muhammad,SG,2014,2018,5
muldemy01,Mychal Mulder,SF,2020,2022,3
mullajo01,Joe Mullaney,N/A,1950,1950,1
mulleby01,Byron Mullens,PF,2010,2014,5
mullich01,Chris Mullin,SG,1986,2001,16
mullije01,Jeff Mullins,SG,1965,1976,12
mundtto01,Todd Mundt,C,1996,1996,1
munfoxa02,Xavier Munford,SG,2016,2018,2
munkch01,Chris Munk,PF,1991,1991,1
murdoer01,Eric Murdock,PG,1992,2000,9
muresgh01,Gheorghe Mureșan,C,1994,2000,6
murkead01,Ade Murkey,SG,2022,2022,1
murphal01,Allen Murphy,SG,1977,1977,1
murphca01,Calvin Murphy,PG,1971,1983,13
murpher01,Erik Murphy,C,2014,2014,1
murphja01,Jay Murphy,PF,1985,1988,4
murphke01,Kevin Murphy,SG,2013,2013,1
murphro01,Ronnie Murphy,SF,1988,1988,1
murphto01,Tod Murphy,PF,1988,1994,5
murphtr01,Troy Murphy,PF,2002,2013,12
murphtr02,Trey Murphy III,SF,2022,2026,5
murraco01,Collin Murray-Boyles,PF,2026,2026,1
murrade01,Dejounte Murray,PG,2017,2026,9
murraja01,Jamal Murray,SG,2017,2026,9
murrake01,Ken Murray,SG,1951,1955,3
murrake02,Keegan Murray,SF,2023,2026,4
murrakr01,Kris Murray,SF,2024,2026,3
murrala01,Lamond Murray,SF,1995,2006,11
murraro01,Ronald Murray,SG,2003,2010,8
murratr01,Tracy Murray,SF,1993,2004,12
murredo01,Dorie Murrey,PF,1967,1972,6
murryto01,Toure' Murry,PG,2014,2015,2
musadz01,Džanan Musa,SG,2019,2020,2
muscami01,Mike Muscala,PF,2014,2024,11
mustaje01,Jerrod Mustaf,PF,1991,1994,4
mutomdi01,Dikembe Mutombo,C,1992,2009,18
muursma01,Martin Müürsepp,PF,1997,1998,2
myerspe01,Pete Myers,SG,1987,1998,9
mykhasv01,Svi Mykhailiuk,SF,2019,2026,8
naberbo01,Bob Naber,N/A,1953,1953,1
nachabo01,Boris Nachamkin,N/A,1955,1955,1
nachbbo01,Boštjan Nachbar,SF,2003,2008,6
naderab01,Abdel Nader,SF,2018,2022,5
nagelje01,Jerry Nagel,N/A,1950,1950,1
nailole01,Lee Nailon,SF,2001,2006,6
najered01,Eduardo Nájera,PF,2001,2012,12
nancela01,Larry Nance,PF,1982,1994,13
nancela02,Larry Nance Jr.,PF,2016,2026,11
nancepe01,Pete Nance,PF,2024,2026,3
napiesh01,Shabazz Napier,PG,2015,2020,6
nashbo01,Bob Nash,SF,1973,1979,4
nashco01,Cotton Nash,SF,1965,1965,1
nashst01,Steve Nash,PG,1997,2014,18
natersw01,Swen Nater,C,1977,1984,8
nathaho01,Howard Nathan,PG,1996,1996,1
nattca01,Calvin Natt,SF,1980,1990,11
nattke01,Kenny Natt,SG,1981,1985,3
naullwi01,Willie Naulls,N/A,1957,1966,10
navarju01,Juan Carlos Navarro,SG,2008,2008,1
ndiayha01,Hamady N'Diaye,C,2011,2014,3
ndiayma01,Makhtar N'Diaye,PF,1999,1999,1
ndiayma02,Mamadou N'Diaye,C,2001,2005,5
ndongbo01,Boniface N'Dong,C,2006,2006,1
ndourma01,Maurice Ndour,PF,2017,2017,1
nealcr01,Craig Neal,PG,1989,1991,2
nealga01,Gary Neal,SG,2011,2017,7
nealji01,Jim Neal,C,1954,1955,2
nealll01,Lloyd Neal,C,1973,1979,7
nealyed01,Ed Nealy,PF,1983,1993,10
nedovne01,Nemanja Nedović,SG,2014,2014,1
nelsoba01,Barry Nelson,C,1972,1972,1
nelsode01,DeMarcus Nelson,PG,2009,2009,1
nelsodo01,Don Nelson,SF,1963,1976,14
nelsogr02,Grant Nelson,PF,2026,2026,1
nelsoja01,Jameer Nelson,PG,2005,2018,14
nelsolo01,Louie Nelson,SG,1974,1978,5
nembhan01,Andrew Nembhard,SG,2023,2026,4
nembhrj01,RJ Nembhard Jr.,SG,2022,2022,1
nembhru01,Ruben Nembhard,PG,1997,1997,1
nembhry01,Ryan Nembhard,PG,2026,2026,1
nesbyty01,Tyrone Nesby,SF,1999,2002,4
nesmiaa01,Aaron Nesmith,SF,2021,2026,6
nesslma01,Martin Nessley,C,1988,1988,1
nestera01,Rasho Nesterović,C,1999,2010,12
netora01,Raul Neto,PG,2016,2023,8
neumajo01,Johnny Neumann,SG,1977,1978,2
neumapa01,Paul Neumann,PG,1962,1967,6
nevitch01,Chuck Nevitt,C,1983,1994,9
newbeme01,Melvin Newbern,SG,1993,1993,1
newbiiv01,Ivano Newbill,SF,1995,1998,3
newblir01,Ira Newble,SF,2001,2008,8
newelas01,Asa Newell,PF,2026,2026,1
newlimi01,Mike Newlin,SG,1972,1982,11
newmada01,Dave Newmark,C,1969,1970,2
newmajo01,Johnny Newman,SF,1987,2002,16
newmama01,Malik Newman,SG,2020,2022,2
newtotr01,Tristen Newton,SG,2025,2026,2
nfalyda01,N'Faly Dante,C,2025,2026,2
niangge01,Georges Niang,PF,2017,2025,9
nichoan01,Andrew Nicholson,PF,2013,2017,5
nichode01,Demetris Nichols,SF,2008,2009,2
nichoja01,Jack Nichols,PF,1950,1958,8
nickega01,Gaylon Nickerson,SG,1997,1997,1
nicksca01,Carl Nicks,PG,1981,1983,3
niemari01,Rich Niemann,C,1969,1970,2
niemiri01,Richie Niemiera,N/A,1950,1950,1
nilesmi01,Mike Niles,SF,1981,1981,1
nimphku01,Kurt Nimphius,C,1982,1990,8
nixda01,Daishen Nix,SG,2022,2025,4
nixdy01,Dyron Nix,SF,1990,1990,1
nixonno01,Norm Nixon,PG,1978,1989,10
nnajize01,Zeke Nnaji,PF,2021,2026,6
noahjo01,Joakim Noah,C,2008,2020,13
noblech01,Chuck Noble,SG,1956,1962,7
nocioan01,Andrés Nocioni,SF,2005,2012,8
noelda01,David Noel,PF,2007,2007,1
noelne01,Nerlens Noel,C,2015,2023,9
noelpa01,Paul Noel,N/A,1950,1952,3
noguelu01,Lucas Nogueira,C,2015,2018,4
nolanji01,Jim Nolan,N/A,1950,1950,1
nolenpa01,Paul Nolen,N/A,1954,1954,1
nordgje01,Jeff Nordgaard,PF,1998,1998,1
nordmbe01,Bevo Nordmann,C,1962,1965,4
norlajo01,Johnny Norlander,N/A,1950,1951,2
normaco01,Connie Norman,SG,1975,1979,3
normake01,Ken Norman,SF,1988,1997,10
norriau01,Audie Norris,C,1983,1985,3
norrimi01,Miles Norris,PF,2025,2025,1
norrimo01,Moochie Norris,PG,1997,2006,9
norrisy01,Sylvester Norris,C,1980,1980,1
norveza01,Zach Norvell,SG,2020,2020,1
norwowi01,Willie Norwood,SF,1972,1978,7
nostrge01,George Nostrand,N/A,1950,1950,1
novakmi01,Mike Novak,N/A,1950,1954,2
novakst01,Steve Novak,SF,2007,2017,11
nowelja01,Jaylen Nowell,SG,2020,2025,6
nowelma01,Markquis Nowell,SG,2024,2024,1
nowelme01,Mel Nowell,SG,1963,1963,1
nowitdi01,Dirk Nowitzki,PF,1999,2019,21
ntilila01,Frank Ntilikina,PG,2018,2024,7
nunnaja01,James Nunnally,SF,2014,2021,3
nunnke01,Kendrick Nunn,PG,2020,2023,3
nurkiju01,Jusuf Nurkić,C,2015,2026,12
nuttde01,Dennis Nutt,PG,1987,1987,1
nwabada01,David Nwaba,SG,2017,2022,6
nworajo01,Jordan Nwora,SF,2021,2024,4
nwosuju01,Julius Nwosu,C,1995,1995,1
oaklech01,Charles Oakley,PF,1986,2004,19
obannch01,Charles O'Bannon,SG,1998,1999,2
obanned01,Ed O'Bannon,SG,1996,1997,2
obertfa01,Fabricio Oberto,C,2006,2011,6
oboyljo01,John O'Boyle,SG,1953,1953,1
obriejj01,J.J. O'Brien,SF,2016,2016,1
obriera01,Ralph O'Brien,SG,1952,1953,2
obryajo01,Johnny O'Bryant,PF,2015,2018,4
obryapa01,Patrick O'Bryant,C,2007,2010,4
ochefda01,Daniel Ochefu,C,2017,2017,1
oconnde01,Dermie O'Connell,N/A,1950,1950,1
odengr01,Greg Oden,C,2009,2014,3
odomla01,Lamar Odom,SF,2000,2013,14
odonnan01,Andy O'Donnell,N/A,1950,1950,1
odurojo01,Josh Oduro,PF,2026,2026,1
ogdenbu01,Bud Ogden,SF,1970,1971,2
ogdenra01,Ralph Ogden,N/A,1971,1971,1
oggal01,Alan Ogg,C,1991,1993,3
ohlbrti01,Tim Ohlbrecht,C,2013,2013,1
ohldo01,Don Ohl,SG,1961,1970,10
ojelese01,Semi Ojeleye,PF,2018,2022,5
okafoem01,Emeka Okafor,PF,2005,2018,10
okafoja01,Jahlil Okafor,C,2016,2025,7
okanito01,Toby Okani,SG,2026,2026,1
okeefdi01,Dick O'Keefe,N/A,1950,1951,2
okeefto01,Tommy O'Keefe,N/A,1951,1951,1
okekech01,Chuma Okeke,PF,2021,2025,5
okoboel01,Elie Okobo,PG,2019,2020,2
okogijo01,Josh Okogie,SG,2019,2026,8
okongon01,Onyeka Okongwu,C,2021,2026,6
okoremi01,Mike O'Koren,SF,1981,1988,8
okorois01,Isaac Okoro,SG,2021,2026,6
okpalkz01,KZ Okpala,PF,2020,2023,4
okurme01,Mehmet Okur,PF,2003,2012,10
oladivi01,Victor Oladipo,PG,2014,2023,10
olajuha01,Hakeem Olajuwon,C,1985,2002,18
olberma01,Mark Olberding,PF,1977,1987,11
olbrila01,Lachlan Olbrich,C,2026,2026,1
oldhaja01,Jawann Oldham,C,1981,1991,10
oldhajo01,John Oldham,N/A,1950,1951,2
oleynfr01,Frank Oleynick,SG,1976,1977,2
olivaqu01,Quincy Olivari,PG,2025,2025,1
olivebr01,Brian Oliver,SG,1991,1998,4
oliveca01,Cameron Oliver,SF,2021,2022,2
olivede01,Dean Oliver,PG,2002,2003,2
oliveji01,Jimmy Oliver,SG,1992,1999,5
olivejo01,John Olive,SF,1979,1980,2
ollieke01,Kevin Ollie,PG,1998,2010,13
ollrige01,Gene Ollrich,N/A,1950,1950,1
olowomi01,Michael Olowokandi,C,1999,2007,9
olsenbu01,Bud Olsen,PF,1963,1969,7
olynyke01,Kelly Olynyk,C,2014,2026,13
omallgr01,Grady O'Malley,N/A,1970,1970,1
omierno01,Norchad Omier,PF,2026,2026,1
omorueu01,Eugene Omoruyi,SF,2022,2024,3
onealje01,Jermaine O'Neal,PF,1997,2014,18
onealro01,Royce O'Neale,SF,2018,2026,9
onealsh01,Shaquille O'Neal,C,1993,2011,19
oneilmi01,Mike O'Neill,SF,1953,1953,1
onimi01,Miye Oni,SF,2020,2022,3
onuakar01,Arinze Onuaku,PF,2014,2017,3
onuakch01,Chinanu Onuaku,C,2017,2018,2
oquinky01,Kyle O'Quinn,C,2013,2020,8
ormsba01,Barry Orms,PG,1969,1969,1
orrjo01,Johnny Orr,N/A,1950,1950,1
orrlo01,Louis Orr,SF,1981,1988,8
ortizjo01,José Ortiz,PF,1989,1990,2
ortonda01,Daniel Orton,PF,2012,2014,3
osborch01,Chuck Osborne,PF,1962,1962,1
osheake01,Kevin O'Shea,N/A,1951,1953,3
osmande01,Cedi Osman,SF,2018,2024,7
ostergr01,Greg Ostertag,C,1996,2006,11
osterwa01,Wally Osterkorn,SF,1952,1955,4
osullda01,Dan O'Sullivan,C,1991,1996,4
othicma01,Matt Othick,PG,1993,1993,1
ottendo01,Don Otten,C,1950,1953,4
ottenma01,Mac Otten,N/A,1950,1950,1
oturuda01,Daniel Oturu,C,2021,2022,2
oubreke01,Kelly Oubre Jr.,SF,2016,2026,11
outlabo01,Bo Outlaw,SF,1994,2008,15
outlatr01,Travis Outlaw,PF,2004,2014,11
overtcl01,Claude Overton,SG,1953,1953,1
overtdo01,Doug Overton,PG,1993,2004,11
owensan01,Andre Owens,PG,2006,2008,2
owensbi01,Billy Owens,PF,1992,2001,10
owensch01,Chris Owens,SF,2003,2003,1
owensed01,Eddie Owens,SF,1978,1978,1
owensji01,Jim Owens,SF,1974,1975,2
owenske01,Keith Owens,SF,1992,1992,1
owensla01,Larry Owens,SF,2011,2012,2
owensre01,Red Owens,SG,1950,1952,2
owensta01,Tariq Owens,PF,2020,2020,1
owensto01,Tom Owens,C,1977,1983,7
owesra01,Ray Owes,PF,1997,1997,1
oyedeol01,Olumide Oyedeji,C,2001,2003,3
pacejo01,Joe Pace,C,1977,1978,2
pachuza01,Zaza Pachulia,C,2004,2019,16
packro01,Robert Pack,PG,1992,2004,13
paddige01,Gerald Paddio,SF,1991,1994,3
padgesc01,Scott Padgett,PF,2000,2007,8
paigeja01,Jaysean Paige,PG,2022,2022,1
paigema01,Marcus Paige,PG,2018,2018,1
palacmi01,Milt Palacio,PG,2000,2006,7
palazto01,Togo Palazzi,SG,1955,1960,6
palmeji01,Jim Palmer,C,1959,1961,3
palmetr01,Trayvon Palmer,SG,2022,2022,1
palmewa01,Walter Palmer,C,1991,1993,2
pangoke01,Kevin Pangos,PG,2022,2022,1
pankoan01,Andy Panko,SF,2001,2001,1
papagge01,Georgios Papagiannis,C,2017,2018,2
papanko01,Kostas Papanikolaou,SF,2015,2016,2
pargoja01,Jannero Pargo,PG,2003,2015,11
pargoje01,Jeremy Pargo,PG,2012,2020,3
parhaea01,Easy Parham,N/A,1950,1951,2
parisro01,Robert Parish,C,1977,1997,21
parkean01,Anthony Parker,SG,1998,2012,9
parkeja01,Jabari Parker,PF,2015,2022,8
parkesm01,Smush Parker,PG,2003,2008,5
parkeso01,Sonny Parker,SF,1977,1982,6
parketo01,Tony Parker,PG,2002,2019,18
parkija01,Jack Parkinson,N/A,1950,1950,1
parkme01,Med Park,SF,1956,1960,5
parksch02,Cherokee Parks,C,1996,2004,9
parrja01,Jack Parr,C,1959,1959,1
parslch01,Charlie Parsley,N/A,1950,1950,1
parsoch01,Chandler Parsons,SF,2012,2020,9
pascher01,Eric Paschall,PF,2020,2022,3
pasecan01,Anžejs Pasečņiks,C,2020,2021,2
paspaza01,Žarko Paspalj,SF,1990,1990,1
patrimy01,Myles Patrick,SF,1981,1981,1
patrist01,Stan Patrick,N/A,1950,1950,1
pattean01,Andrae Patterson,PF,1999,2000,2
pattege01,George Patterson,C,1968,1968,1
pattela01,Lamar Patterson,SG,2016,2017,2
pattepa01,Patrick Patterson,PF,2011,2021,11
patteru01,Ruben Patterson,SF,1999,2008,10
pattest01,Steve Patterson,C,1972,1976,5
patteto01,Tom Patterson,PF,1973,1974,2
pattewo01,Worthy Patterson,N/A,1958,1958,1
pattoju01,Justin Patton,C,2018,2021,4
paulbr01,Brandon Paul,SG,2018,2018,1
paulch01,Chris Paul,PG,2006,2026,21
paulkch01,Charlie Paulk,PF,1969,1972,3
paulsje01,Jerry Paulson,N/A,1958,1958,1
paultbi01,Billy Paultz,C,1977,1985,9
pavloal01,Sasha Pavlović,SF,2004,2013,10
paxsoji01,Jim Paxson,SF,1957,1958,2
paxsoji02,Jim Paxson,SG,1980,1990,11
paxsojo01,John Paxson,PG,1984,1994,11
payakjo01,Johnny Payak,SG,1950,1953,2
paynead01,Adreian Payne,PF,2015,2018,4
payneca01,Cameron Payne,PG,2016,2026,11
payneke01,Kenny Payne,SF,1990,1993,4
payneto01,Tom Payne,C,1972,1972,1
paytoel01,Elfrid Payton,PG,2015,2025,9
paytoga01,Gary Payton,PG,1991,2007,17
paytoga02,Gary Payton II,PG,2017,2026,10
paytome01,Mel Payton,SF,1952,1953,2
peavymi01,Micah Peavy,SG,2026,2026,1
pecheol01,Oleksiy Pecherov,C,2008,2010,3
peckwi01,Wiley Peck,SF,1980,1980,1
pedulse01,Sean Pedulla,PG,2026,2026,1
peelean01,Anthony Peeler,SG,1993,2005,13
pekovni01,Nikola Peković,C,2011,2016,6
pelleno01,Norvel Pelle,C,2020,2022,3
pellosa01,Sam Pellom,PF,1980,1983,4
penbemi01,Mike Penberthy,PG,2001,2002,2
pendano01,Noah Penda,SF,2026,2026,1
pendeje02,Jeff Ayres,C,2010,2016,6
penigde01,Desmond Penigar,PF,2004,2004,1
penneki01,Kirk Penney,SG,2004,2005,2
peplomi01,Mike Peplowski,C,1994,1996,3
perduwi01,Will Perdue,C,1989,2001,13
pereima01,Mãozinha Pereira,SF,2024,2024,1
perkike01,Kendrick Perkins,C,2004,2018,14
perkisa01,Sam Perkins,PF,1985,2001,17
perkiwa01,Warren Perkins,N/A,1950,1951,2
perovko01,Kosta Perović,C,2008,2008,1
perralo01,London Perrantes,PG,2018,2018,1
perrycu01,Curtis Perry,C,1971,1978,8
perryel01,Elliot Perry,PG,1992,2002,10
perryre01,Reggie Perry,PF,2021,2022,2
perryti01,Tim Perry,C,1989,1996,8
persoch01,Chuck Person,SF,1987,2000,13
persowe01,Wesley Person,SG,1995,2005,11
peteral01,Alec Peters,PF,2018,2018,1
peterbo01,Bob Peterson,N/A,1954,1956,3
peterdr01,Drew Peterson,PF,2024,2026,3
petered01,Ed Peterson,N/A,1950,1951,2
peterji01,Jim Petersen,PF,1985,1992,8
peterlo01,Loy Petersen,SG,1969,1970,2
peterme01,Mel Peterson,N/A,1964,1964,1
petermo01,Morris Peterson,SG,2001,2011,11
peterta01,Taelon Peter,SG,2026,2026,1
petrige01,Geoff Petrie,SG,1971,1976,6
petrodr01,Dražen Petrović,SG,1990,1993,4
petrojo01,Johan Petro,C,2006,2013,8
petrufi01,Filip Petrušev,C,2024,2024,1
petruri01,Richard Petruška,C,1994,1994,1
pettibo01,Bob Pettit,PF,1955,1965,11
pheglro01,Roger Phegley,SG,1979,1984,6
phelaja01,Jack Phelan,N/A,1950,1950,1
phelaja02,Jim Phelan,N/A,1954,1954,1
phelpde01,Derrick Phelps,PG,1995,1995,1
phelpmi01,Michael Phelps,SG,1986,1988,3
phillan01,Andy Phillip,N/A,1950,1958,9
phillbo01,Bobby Phills,SG,1992,2000,9
philled01,Eddie Phillips,SF,1983,1983,1
phillga01,Gary Phillips,PG,1962,1966,5
phillju01,Julian Phillips,SF,2024,2026,3
piatker01,Eric Piatkowski,SG,1995,2008,14
pickeja01,Jamorko Pickett,PF,2022,2022,1
pickeja02,Jalen Pickett,SG,2024,2026,3
piercpa01,Paul Pierce,SF,1999,2017,19
piercri01,Ricky Pierce,SG,1983,1998,16
pietkst01,Stan Pietkiewicz,SG,1979,1981,3
pietrmi01,Mickaël Piétrus,PG,2004,2013,10
pilchjo01,John Pilch,N/A,1952,1952,1
pincked01,Ed Pinckney,SF,1986,1997,12
pinknke01,Kevinn Pinkney,PF,2007,2007,1
pinonjo01,John Pinone,SF,1984,1984,1
pinsoth01,Theo Pinson,SG,2019,2023,5
piontda01,Dave Piontek,SF,1957,1963,7
piotrto01,Tom Piotrowski,C,1984,1984,1
pippesc01,Scottie Pippen,SF,1988,2004,17
pippesc02,Scotty Pippen Jr.,PG,2023,2026,4
pittmch01,Charles Pittman,PF,1983,1986,4
pittmde01,Dexter Pittman,C,2011,2014,4
planizo01,Zoran Planinić,SG,2004,2006,3
pleisti01,Tibor Pleiß,C,2016,2016,1
plowdda01,Daeqwon Plowden,SG,2025,2026,2
plumlma01,Mason Plumlee,C,2014,2026,13
plumlma02,Marshall Plumlee,C,2017,2018,2
plumlmi01,Miles Plumlee,C,2013,2019,7
plummga01,Gary Plummer,PF,1985,1993,2
podkopa01,Pavel Podkolzin,C,2005,2006,2
podzibr01,Brandin Podziemski,SG,2024,2026,3
poeltja01,Jakob Poeltl,C,2017,2026,10
poirivi01,Vincent Poirier,C,2020,2021,2
pokusal01,Aleksej Pokusevski,PF,2021,2024,4
poleedw01,Dwayne Polee,SG,1987,1987,1
pollaji01,Jim Pollard,SF,1950,1955,6
pollasc01,Scot Pollard,C,1998,2008,11
polsora01,Ralph Polson,PF,1953,1953,1
polynol01,Olden Polynice,C,1988,2004,15
pondecl01,Cliff Pondexter,PF,1976,1978,3
pondequ01,Quincy Pondexter,SF,2011,2019,7
pondssh01,Shamorie Ponds,PG,2020,2020,1
ponsyv01,Yves Pons,SF,2022,2022,1
poolejo01,Jordan Poole,SG,2020,2026,7
popeda01,David Pope,SF,1985,1986,2
popema01,Mark Pope,SF,1998,2005,6
popsoda01,Dave Popson,PF,1989,1992,3
poquebe01,Ben Poquette,PF,1978,1987,10
portech01,Chris Porter,SF,2001,2001,1
portecr01,Craig Porter Jr.,PG,2024,2026,3
porteho01,Howard Porter,SF,1972,1978,7
portejo01,Jontay Porter,PF,2021,2024,2
porteke01,Kevin Porter,PG,1973,1983,10
porteke02,Kevin Porter Jr.,SF,2020,2026,6
portemi01,Michael Porter Jr.,SF,2020,2026,7
porteot01,Otto Porter Jr.,SF,2014,2024,11
portete01,Terry Porter,PG,1986,2002,17
portibo01,Bobby Portis,PF,2016,2026,11
portmbo01,Bob Portman,SG,1970,1973,4
porzikr01,Kristaps Porziņģis,PF,2016,2026,10
poseyja01,James Posey,SF,2000,2011,12
postela01,Lavor Postell,SG,2001,2003,3
postqu01,Quinten Post,PF,2025,2026,2
potapvi01,Vitaly Potapenko,C,1997,2007,11
pottemi01,Micah Potter,C,2022,2026,5
poulajo01,John Poulakidas,SG,2026,2026,1
poweldr01,Drake Powell,SG,2026,2026,1
poweldw01,Dwight Powell,PF,2015,2026,12
powele01,Leon Powe,C,2007,2011,5
poweljo01,Josh Powell,PF,2006,2014,7
powelka01,Kasib Powell,SF,2008,2008,1
powelmy01,Myles Powell,PG,2022,2022,1
powelno01,Norman Powell,SG,2016,2026,11
powelro01,Roger Powell,SF,2007,2007,1
poythal01,Alex Poythress,PF,2017,2019,3
pressdo01,Dominic Pressley,PG,1989,1989,1
pressha01,Harold Pressley,SF,1987,1990,4
presspa01,Paul Pressey,SG,1983,1993,11
pressph01,Phil Pressey,PG,2014,2016,3
prestja01,Jason Preston,PG,2023,2024,2
priceaj01,A.J. Price,PG,2010,2015,6
pricebr01,Brent Price,PG,1993,2002,9
priceji01,Jim Price,PG,1973,1979,7
pricema01,Mark Price,PG,1987,1998,12
pricemi01,Mike Price,SG,1971,1973,3
pricero01,Ronnie Price,PG,2006,2017,12
priceto01,Tony Price,SG,1981,1981,1
priddbo01,Bob Priddy,N/A,1953,1953,1
prigipa01,Pablo Prigioni,PG,2013,2016,4
primojo01,Joshua Primo,SF,2022,2024,3
princta01,Tayshaun Prince,SF,2003,2016,14
princta02,Taurean Prince,SF,2017,2026,10
pritcjo01,John Pritchard,N/A,1950,1950,1
pritcke01,Kevin Pritchard,PG,1991,1996,4
pritcpa01,Payton Pritchard,SG,2021,2026,6
proctty01,Tyrese Proctor,PG,2026,2026,1
profila01,Laron Profit,SG,2000,2006,4
prospol01,Olivier-Maxence Prosper,PF,2024,2026,3
pruitga01,Gabe Pruitt,PG,2008,2009,2
przybjo01,Joel Przybilla,C,2001,2013,13
pughle01,Les Pugh,N/A,1950,1950,1
pullaan01,Anthony Pullard,PF,1993,1993,1
pulleja01,Jacob Pullen,PG,2018,2018,1
pullizy01,Zyon Pullin,SG,2025,2026,2
purviro01,Rodney Purvis,SG,2018,2018,1
putnado01,Don Putman,N/A,1950,1950,1
qizh01,Zhou Qi,C,2018,2019,2
quartti01,Tim Quarterman,SG,2017,2018,2
queende01,Derik Queen,C,2026,2026,1
queentr01,Trevelin Queen,SG,2022,2025,4
quetane01,Neemias Queta,C,2022,2026,5
quickbo01,Bob Quick,SF,1969,1972,4
quickim01,Immanuel Quickley,PG,2021,2026,6
quinnbr01,Brian Quinnett,SG,1990,1992,3
quinnch01,Chris Quinn,PG,2007,2013,6
quinole01,Lester Quiñones,SG,2023,2025,3
rabbiv01,Ivan Rabb,PF,2018,2019,2
rackllu01,Luther Rackley,C,1970,1974,5
radfoma01,Mark Radford,SG,1982,1983,2
radfowa01,Wayne Radford,SG,1979,1979,1
radjadi01,Dino Radja,PF,1994,1997,4
radmavl01,Vladimir Radmanović,PF,2002,2013,12
radojal01,Aleksandar Radojević,C,2000,2005,2
radovfr01,Frank Radovich,N/A,1962,1962,1
radovmo01,Moe Radovich,PG,1953,1953,1
radulmi01,Miroslav Raduljica,C,2014,2015,2
radzira01,Ray Radziszewski,N/A,1958,1958,1
ragelra01,Ray Ragelis,SF,1952,1952,1
raikesh01,Sherwin Raiken,N/A,1953,1953,1
rainsed01,Ed Rains,SF,1982,1983,2
rakocig01,Igor Rakočević,PG,2003,2003,1
rambiku01,Kurt Rambis,PF,1982,1995,14
ramospe01,Peter John Ramos,C,2005,2005,1
ramseca01,Cal Ramsey,SF,1960,1961,2
ramsefr01,Frank Ramsey,SF,1955,1964,9
ramseja01,Jahmi'us Ramsey,SG,2021,2024,3
randama01,Mark Randall,PF,1992,1995,4
randlch01,Chasson Randle,PG,2017,2021,4
randlju01,Julius Randle,PF,2015,2026,12
randoan01,Anthony Randolph,PF,2009,2014,6
randosh01,Shavlik Randolph,PF,2006,2015,8
randoza01,Zach Randolph,PF,2002,2018,17
rankwa01,Wally Rank,SF,1981,1981,1
ranseke01,Kelvin Ransey,PG,1981,1986,6
ranzisa01,Sam Ranzino,SG,1952,1952,1
rasmubl01,Blair Rasmussen,C,1986,1993,8
rathaxa01,Xavier Rathan-Mayes,SG,2018,2018,1
ratkoge01,George Ratkovicz,PF,1950,1955,6
ratleed01,Ed Ratleff,SF,1974,1978,5
ratlimi01,Mike Ratliff,C,1973,1974,2
ratlith01,Theo Ratliff,C,1996,2011,16
rautian01,Andy Rautins,SG,2011,2011,1
rautile01,Leo Rautins,SF,1984,1985,2
rayal01,Allan Ray,SG,2007,2007,1
raycl01,Clifford Ray,C,1972,1981,10
raydo01,Don Ray,N/A,1950,1950,1
rayja01,James Ray,PF,1981,1983,3
rayji01,Jim Ray,N/A,1957,1960,2
raymocr01,Craig Raymond,C,1969,1969,1
raynama01,Maxime Raynaud,C,2026,2026,1
reaco01,Connie Rea,N/A,1954,1954,1
reathdu01,Duop Reath,C,2024,2026,3
reaveau01,Austin Reaves,SG,2022,2026,5
reavejo01,Joe Reaves,SF,1974,1974,1
reavejo02,Josh Reaves,SF,2020,2020,1
rebraze01,Željko Rebrača,C,2002,2006,5
recasel01,Eldridge Recasner,SG,1995,2002,8
reddica01,Cam Reddish,SF,2020,2025,6
reddmi01,Michael Redd,SG,2001,2012,12
reddofr01,Frank Reddout,N/A,1954,1954,1
redicjj01,JJ Redick,PG,2007,2021,15
redmoma01,Marlon Redmond,SG,1979,1980,2
reedda01,Davon Reed,SG,2018,2023,4
reedhu01,Hub Reed,C,1959,1965,7
reedju01,Justin Reed,SF,2005,2007,3
reedpa01,Paul Reed,PF,2021,2026,6
reedro01,Ron Reed,PF,1966,1967,2
reedwi01,Willis Reed,C,1965,1974,10
reedwi02,Willie Reed,C,2016,2018,3
reeseal01,Alex Reese,PF,2025,2025,1
reeseju01,Julian Reese,PF,2026,2026,1
reevean01,Antonio Reeves,SG,2025,2026,2
reevebr01,Bryant Reeves,C,1996,2001,6
reevekh01,Khalid Reeves,PG,1995,2000,6
reganri01,Richie Regan,PG,1956,1958,3
rehfedo01,Don Rehfeldt,SF,1951,1952,2
reidbi01,Billy Reid,SG,1981,1981,1
reiddo01,Don Reid,PF,1996,2003,8
reidji01,Jim Reid,N/A,1968,1968,1
reidjr01,J.R. Reid,C,1990,2001,11
reidna01,Naz Reid,C,2020,2026,7
reidro01,Robert Reid,SF,1978,1991,13
reidry01,Ryan Reid,PF,2012,2012,1
reineja01,Jared Reiner,C,2005,2007,2
reisech01,Chick Reiser,N/A,1950,1950,1
rellfri01,Richard Rellford,SF,1988,1988,1
renchte01,Terrence Rencher,PG,1996,1996,1
rennijo01,John Rennicke,N/A,1952,1952,1
rentzef01,Efthimios Rentzias,C,2003,2003,1
respesh01,Shawn Respert,SG,1996,1999,4
restake01,Kevin Restani,PF,1975,1982,8
reynoca01,Cameron Reynolds,SG,2019,2021,2
reynoge01,George Reynolds,N/A,1970,1970,1
reynoje01,Jerry Reynolds,SF,1986,1996,8
rhodege01,Gene Rhodes,SG,1953,1953,1
rhodeja01,Jared Rhoden,SG,2023,2025,3
rhodero01,Rodrick Rhodes,SF,1998,2000,3
ricegl01,Glen Rice,SF,1990,2004,15
ricegl02,Glen Rice Jr.,SG,2014,2015,2
richach01,Chris Richard,C,2008,2010,2
richacl01,Clint Richardson,SG,1980,1987,8
richaja01,Jason Richardson,SG,2002,2015,13
richaja02,Jase Richardson,SG,2026,2026,1
richaje01,Jeremy Richardson,SG,2007,2009,3
richajo01,Josh Richardson,SG,2016,2025,10
richama01,Malachi Richardson,SG,2017,2019,3
richami01,Michael Ray Richardson,PG,1979,1986,8
richani01,Nick Richards,PF,2021,2026,6
richano01,Norm Richardson,SG,2002,2002,1
richapo01,Pooh Richardson,PG,1990,1999,10
richaqu01,Quentin Richardson,SG,2001,2013,13
richawi02,Will Richard,SG,2026,2026,1
richmka01,Kadary Richmond,SG,2026,2026,1
richmmi01,Mitch Richmond,SG,1989,2002,14
richtjo01,John Richter,C,1960,1960,1
rickedi01,Dick Ricketts,PF,1956,1958,3
rideris01,Isaiah Rider,SG,1994,2002,9
ridglja01,Jackie Ridgle,SG,1972,1972,1
ridnolu01,Luke Ridnour,PG,2004,2015,12
riffeji01,Jim Riffey,N/A,1951,1951,1
rigauan01,Antoine Rigaudeau,SG,2003,2003,1
rikerto01,Tom Riker,C,1973,1975,3
rileybo01,Bob Riley,N/A,1971,1971,1
rileyer01,Eric Riley,C,1994,1999,5
rileypa01,Pat Riley,SG,1968,1976,9
rileyro01,Ron Riley,PF,1973,1976,4
rileywi01,Will Riley,SF,2026,2026,1
rillegr01,Grant Riller,PG,2021,2021,1
rinalri01,Rich Rinaldi,SG,1972,1974,3
riordmi01,Mike Riordan,SF,1969,1977,9
risacza01,Zaccharie Risacher,SF,2025,2026,2
risenar01,Arnie Risen,C,1950,1958,9
rittete01,Tex Ritter,N/A,1950,1951,2
rivasra01,Ramón Rivas,C,1989,1989,1
riverau01,Austin Rivers,SG,2013,2023,11
riverda01,David Rivers,PG,1989,1992,3
riverdo01,Doc Rivers,PG,1984,1996,13
robbili01,Liam Robbins,C,2025,2025,1
roberal01,Alvin Robertson,SG,1985,1996,10
roberan01,Anthony Roberts,SF,1978,1984,5
roberan02,Anthony Roberson,PG,2006,2009,3
roberan03,Andre Roberson,SG,2014,2021,7
roberbi01,Bill Roberts,N/A,1950,1950,1
roberbr01,Brian Roberts,PG,2013,2017,5
roberfr01,Fred Roberts,PF,1984,1997,13
roberjo01,Joe Roberts,SF,1961,1963,3
roberla01,Lawrence Roberts,C,2006,2007,2
roberma01,Marv Roberts,SF,1977,1977,1
roberos01,Oscar Robertson,PG,1961,1974,14
roberri01,Rick Roberson,C,1970,1976,7
roberry01,Ryan Robertson,SG,2000,2000,1
roberst01,Stanley Roberts,C,1992,2000,8
roberte01,Terrance Roberson,SF,2001,2001,1
roberto01,Tony Robertson,SG,1978,1979,2
robeyri01,Rick Robey,C,1979,1986,8
robinbe01,Bernard Robinson,SG,2005,2007,3
robinbi01,Bill Robinzine,PF,1976,1982,7
robinch01,Chris Robinson,SG,1997,1998,2
robincl01,Cliff Robinson,PF,1980,1992,11
robincl02,Clifford Robinson,PF,1990,2007,18
robinda01,David Robinson,C,1990,2003,14
robinde01,Devin Robinson,SF,2018,2019,2
robindu01,Duncan Robinson,SF,2019,2026,8
robined01,Eddie Robinson,SF,2000,2004,5
robinfl01,Flynn Robinson,PG,1967,1973,7
robingl01,Glenn Robinson,SF,1995,2005,11
robingl02,Glenn Robinson III,SG,2015,2021,7
robinja01,Jackie Robinson,SF,1979,1982,3
robinja02,James Robinson,PG,1994,2001,7
robinja03,Jamal Robinson,SF,2001,2001,1
robinje01,Jerome Robinson,SG,2019,2024,4
robinje02,Jeremiah Robinson-Earl,C,2022,2026,5
robinju01,Justin Robinson,PG,2020,2022,3
robinla01,Larry Robinson,SG,1991,2002,7
robinmi01,Mitchell Robinson,C,2019,2026,8
robinna01,Nate Robinson,PG,2006,2016,11
robinol01,Oliver Robinson,SG,1983,1983,1
robinor01,Orlando Robinson,C,2023,2026,4
robinru01,Rumeal Robinson,PG,1991,1997,6
robinth01,Thomas Robinson,PF,2013,2017,5
robintr01,Truck Robinson,PF,1975,1985,11
robinwa01,Wayne Robinson,PF,1981,1981,1
robisda01,Dave Robisch,C,1977,1984,8
robyis01,Isaiah Roby,PF,2020,2023,4
rochare01,Red Rocha,C,1950,1957,7
rochejo01,John Roche,SG,1976,1982,4
roddyda01,David Roddy,PF,2023,2026,4
rodgegu01,Guy Rodgers,PG,1959,1970,12
rodmade01,Dennis Rodman,SF,1987,2000,14
rodrise01,Sergio Rodríguez,PG,2007,2017,5
roelo01,Lou Roe,SF,1996,1997,2
rogerca01,Carlos Rogers,C,1995,2002,8
rogerjo01,Johnny Rogers,PF,1987,1988,2
rogerma01,Marshall Rogers,PG,1977,1977,1
rogerro01,Rodney Rogers,SF,1994,2005,12
rogerro02,Roy Rogers,PF,1997,2000,3
rogesal01,Al Roges,SF,1954,1955,2
rohloke01,Ken Rohloff,N/A,1964,1964,1
rollike01,Kenny Rollins,PG,1950,1953,2
rolliph01,Phil Rollins,N/A,1959,1961,3
rolliry01,Ryan Rollins,PG,2023,2026,4
rollitr01,Tree Rollins,C,1978,1995,18
romarlo01,Lorenzo Romar,PG,1981,1985,5
rondora01,Rajon Rondo,PG,2007,2022,16
rooksse01,Sean Rooks,C,1993,2004,12
rosede01,Derrick Rose,PG,2009,2024,15
roseja01,Jalen Rose,SF,1995,2007,13
rosema01,Malik Rose,PF,1997,2009,13
rosendi01,Dick Rosenthal,SF,1955,1957,2
rosenle01,Lennie Rosenbluth,SF,1958,1959,2
rosero01,Rob Rose,SG,1989,1989,1
rossqu01,Quinton Ross,SG,2005,2011,7
rosste01,Terrence Ross,SG,2013,2023,11
rothdo01,Doug Roth,C,1990,1990,1
rothsc01,Scott Roth,SF,1988,1990,3
roundda01,Dan Roundfield,PF,1977,1987,11
rowanro01,Ron Rowan,SG,1987,1987,1
rowecu01,Curtis Rowe,PF,1972,1979,8
roweja01,Jackson Rowe,PF,2025,2025,1
rowinji01,Jim Rowinski,PF,1989,1990,2
rowlade01,Derrick Rowland,SG,1986,1986,1
rowsobr01,Brian Rowsom,PF,1988,1990,3
royaldo01,Donald Royal,SF,1990,1998,8
roybr01,Brandon Roy,SG,2007,2013,6
royerbo01,Bob Royer,N/A,1950,1950,1
roziecl01,Clifford Rozier,C,1995,1998,4
roziete01,Terry Rozier,PG,2016,2025,10
rubiori01,Ricky Rubio,PG,2012,2023,12
ruckegu01,Guy Rucker,PF,2003,2003,1
ruddde01,Delaney Rudd,PG,1990,1993,4
ruddjo01,John Rudd,SF,1979,1979,1
rudezda01,Damjan Rudež,SF,2015,2017,3
rudomjo01,John Rudometkin,SF,1963,1965,3
ruffimi01,Michael Ruffin,PF,2000,2009,9
ruffitr01,Trevor Ruffin,PG,1995,1996,2
ruffnpa01,Paul Ruffner,C,1971,1975,3
ruklijo01,Joe Ruklick,PF,1960,1962,3
rulanje01,Jeff Ruland,C,1982,1993,8
rulebo01,Bob Rule,C,1968,1975,8
rulloje01,Jerry Rullo,N/A,1950,1950,1
ruperra01,Rayan Rupert,SG,2024,2026,3
ruscost01,Stefano Rusconi,PF,1996,1996,1
rushbr01,Brandon Rush,SG,2009,2017,9
rushka01,Kareem Rush,PG,2003,2010,7
russebi01,Bill Russell,C,1957,1969,13
russebr01,Bryon Russell,SF,1994,2006,13
russeca01,Cazzie Russell,SF,1967,1978,12
russeca02,Campy Russell,SF,1975,1985,9
russeda01,D'Angelo Russell,PG,2016,2026,11
russefr01,Frank Russell,SG,1973,1973,1
russewa01,Walker Russell,PG,1983,1988,6
russewa02,Walker Russell,PG,2012,2012,1
ryanco01,Cormac Ryan,SG,2026,2026,1
ryanma01,Matt Ryan,SF,2022,2025,4
sabonar01,Arvydas Sabonis,C,1996,2003,7
sabondo01,Domantas Sabonis,PF,2017,2026,10
sacrero01,Robert Sacre,C,2013,2016,4
sadowed01,Ed Sadowski,N/A,1950,1950,1
sailoke01,Kenny Sailors,N/A,1950,1951,2
salauti01,Tidjane Salaün,PF,2025,2026,2
sallejo01,John Salley,C,1987,2000,11
sallihu01,Hunter Sallis,SG,2026,2026,1
salmojo01,John Salmons,PG,2003,2015,13
salvake01,Kevin Salvadori,C,1997,1998,2
samakso01,Soumaila Samake,C,2001,2003,2
samanlu01,Luka Šamanić,PF,2020,2024,4
sambch01,Cheikh Samb,C,2008,2009,2
sampsbr01,Brandon Sampson,SG,2019,2019,1
sampsja01,Jamal Sampson,PF,2003,2007,5
sampsja02,JaKarr Sampson,SF,2015,2021,6
sampsra01,Ralph Sampson,C,1984,1992,9
samueje01,Jermaine Samuels,SF,2024,2024,1
samuesa01,Samardo Samuels,PF,2011,2013,3
sanchpe01,Pepe Sánchez,PG,2001,2003,2
sandefr01,Frankie Sanders,SF,1979,1981,2
sandeje01,Jeff Sanders,PF,1990,1993,4
sandeko01,Kobe Sanders,SG,2026,2026,1
sandela01,Larry Sanders,C,2011,2017,6
sandeme01,Melvin Sanders,SG,2006,2006,1
sandemi01,Mike Sanders,SF,1983,1993,11
sandeto01,Tom Sanders,SF,1961,1973,13
sandfpa01,Payton Sandfort,SF,2026,2026,1
sanogad01,Adama Sanogo,PF,2024,2025,2
santibo01,Bob Santini,N/A,1956,1956,1
santida01,Daniel Santiago,C,2001,2005,4
santogu01,Gui Santos,PF,2024,2026,3
sapplwa01,Wayne Sappleton,PF,1985,1985,1
sarafbe01,Ben Saraf,SG,2026,2026,1
saricda01,Dario Šarić,PF,2017,2026,9
sarral01,Alex Sarr,C,2025,2026,2
sarrol01,Olivier Sarr,C,2022,2026,4
sasseja01,Jason Sasser,SF,1997,1999,2
sasseje01,Jeryl Sasser,SG,2002,2003,2
sassema01,Marcus Sasser,PG,2024,2026,3
satorto01,Tomáš Satoranský,SG,2017,2022,6
satteke01,Kenny Satterfield,PG,2002,2003,2
sauldwo01,Woody Sauldsberry,PF,1958,1966,7
saulpe01,Pep Saul,SG,1950,1955,6
saundfr01,Fred Saunders,SF,1975,1978,4
savagdo01,Don Savage,N/A,1952,1957,2
savovpr01,Predrag Savović,SG,2003,2003,1
sawyeal01,Alan Sawyer,N/A,1951,1951,1
scalabr01,Brian Scalabrine,PF,2002,2012,11
scaleal01,Alex Scales,SG,2006,2006,1
scalede01,DeWayne Scales,PF,1981,1984,3
schadfr01,Frank Schade,PG,1973,1973,1
schaehe01,Herm Schaefer,N/A,1950,1950,1
schafbo01,Bob Schafer,SG,1956,1957,2
schakjo01,Jordan Schakel,SG,2022,2023,2
schatma01,Marv Schatzman,N/A,1950,1950,1
schaufr01,Fred Schaus,N/A,1950,1954,5
schayda01,Danny Schayes,C,1982,1999,18
schaydo01,Dolph Schayes,N/A,1950,1964,15
schefst01,Steve Scheffler,C,1991,1997,7
schefto01,Tom Scheffler,C,1985,1985,1
scheiba01,Baylor Scheierman,SG,2025,2026,2
schelda01,Dave Schellhase,PG,1967,1968,2
schenlu01,Luke Schenscher,C,2006,2007,2
scherhe01,Herb Scherer,C,1951,1952,2
schindw01,Dwayne Schintzius,C,1991,1999,8
schluda01,Dale Schlueter,C,1969,1978,10
schnidi01,Dick Schnittker,SF,1951,1958,6
schoeru01,Russ Schoene,PF,1983,1989,4
schofad01,Admiral Schofield,PF,2020,2024,4
scholda01,Dave Scholz,N/A,1970,1970,1
schoomi01,Milt Schoon,N/A,1950,1950,1
schrede01,Detlef Schrempf,SF,1986,2001,16
schrode01,Dennis Schröder,PG,2014,2026,13
schuldi01,Dick Schulz,N/A,1950,1950,1
schulho01,Howie Schultz,PF,1950,1953,3
schwejo01,John Schweitz,SG,1985,1987,2
scolafr01,Fred Scolari,PG,1950,1955,6
scolalu01,Luis Scola,PF,2008,2017,10
scottal01,Alvin Scott,SF,1978,1985,8
scottbr01,Brent Scott,PF,1997,1997,1
scottby01,Byron Scott,SG,1984,1997,14
scottch01,Charlie Scott,PG,1972,1980,9
scottde01,Dennis Scott,SG,1991,2000,10
scottja01,James Scott,SF,1997,1997,1
scottmi01,Mike Scott,PF,2013,2021,9
scottra01,Ray Scott,PF,1962,1970,9
scottsh01,Shawnelle Scott,C,1997,2002,4
scotttr01,Tre Scott,SF,2022,2026,2
scrubja01,Jay Scrubb,SG,2021,2023,3
scurrca01,Carey Scurry,SF,1986,1988,3
seabrde01,Dereon Seabron,SG,2023,2024,2
sealsbr01,Bruce Seals,SF,1976,1978,3
sealssh01,Shea Seals,SG,1998,1998,1
sealyma01,Malik Sealy,SF,1993,2000,8
searced01,Ed Searcy,SF,1976,1976,1
searske01,Kenny Sears,PF,1956,1964,8
searsma01,Mark Sears,PG,2026,2026,1
seewa01,Wayne See,N/A,1950,1950,1
sefolth01,Thabo Sefolosha,SG,2007,2020,14
seikaro01,Rony Seikaly,C,1989,1999,11
selbogl01,Glen Selbo,N/A,1950,1950,1
selbyjo01,Josh Selby,PG,2012,2013,2
seldewa01,Wayne Selden,SG,2017,2022,4
sellebr01,Brad Sellers,PF,1987,1993,6
selleph01,Phil Sellers,SG,1977,1977,1
seltzro01,Rollie Seltz,N/A,1950,1950,1
selvyfr01,Frank Selvy,SF,1955,1964,9
seminji01,Jim Seminoff,N/A,1950,1950,1
senesa01,Mouhamed Sene,C,2007,2009,3
senesge01,George Senesky,PG,1950,1954,5
sengual01,Alperen Şengün,C,2022,2026,5
sensabr01,Brice Sensabaugh,SF,2024,2026,3
serapke01,Kevin Séraphin,PF,2011,2017,7
sesayan01,Ansu Sesay,SF,2002,2005,4
sessira01,Ramon Sessions,PG,2008,2018,11
seungha01,Ha Seung-Jin,C,2005,2006,2
sewelto01,Tom Sewell,SG,1985,1985,1
sextoco01,Collin Sexton,PG,2019,2026,8
seymopa01,Paul Seymour,N/A,1950,1960,11
shackch01,Charles Shackleford,C,1989,1999,6
shaefca01,Carl Shaeffer,N/A,1950,1951,2
shaffle01,Lee Shaffer,SF,1962,1964,3
shakumu01,Mustafa Shakur,PG,2011,2014,2
shamela01,Landry Shamet,SG,2019,2026,8
shammgo01,God Shammgod,PG,1998,1998,1
shannho01,Howie Shannon,N/A,1950,1950,1
shannte01,Terrence Shannon Jr.,SG,2025,2026,2
sharech01,Chuck Share,C,1952,1960,9
sharmbi01,Bill Sharman,SG,1951,1961,11
sharpda01,Day'Ron Sharpe,PF,2022,2026,5
sharpsh01,Shaedon Sharpe,SG,2023,2026,4
sharpwa01,Walter Sharpe,PF,2009,2009,1
shaskjo01,John Shasky,C,1989,1991,3
shavlro01,Ron Shavlik,N/A,1957,1958,2
shawbr01,Brian Shaw,SG,1989,2003,14
shawca01,Casey Shaw,C,1999,1999,1
shayoma01,Marial Shayok,SG,2020,2020,1
sheadja01,Jamal Shead,PG,2025,2026,2
sheltcr01,Craig Shelton,SF,1981,1982,2
sheltlo01,Lonnie Shelton,PF,1977,1986,10
shengto01,Tornike Shengelia,SF,2013,2014,2
sheppbe01,Ben Sheppard,SG,2024,2026,3
sheppje01,Jeff Sheppard,SG,1999,1999,1
sheppre01,Reed Sheppard,PG,2025,2026,2
sheppst01,Steve Sheppard,SF,1978,1979,2
sheroed01,Ed Sherod,PG,1983,1983,1
shippch01,Charley Shipp,N/A,1950,1950,1
shirlpa01,Paul Shirley,PF,2003,2005,3
shortge01,Gene Short,SF,1976,1976,1
shortpu01,Purvis Short,PF,1979,1990,12
shousde01,Dexter Shouse,PG,1990,1990,1
shuege01,Gene Shue,PG,1955,1964,10
shulgma01,Max Shulga,SG,2026,2026,1
shumajo01,John Shumate,PF,1976,1981,5
shumpim01,Iman Shumpert,PG,2012,2021,10
shvedal01,Alexey Shved,SG,2013,2015,3
siakapa01,Pascal Siakam,PF,2017,2026,10
siberjo01,Jordan Sibert,SG,2019,2019,1
sibersa01,Sam Sibert,PF,1973,1973,1
siblema01,Mark Sibley,SG,1974,1974,1
sichtje01,Jerry Sichting,PG,1981,1990,10
siegfla01,Larry Siegfried,SG,1964,1972,9
sikmaja01,Jack Sikma,PF,1978,1991,14
silasja01,James Silas,PG,1977,1982,6
silaspa01,Paul Silas,PF,1965,1980,16
silasxa01,Xavier Silas,SG,2012,2018,2
silerga01,Garret Siler,C,2011,2011,1
sillimi01,Mike Silliman,SF,1971,1971,1
silvach01,Chris Silva,PF,2020,2023,4
simiewa01,Wayne Simien,PF,2006,2007,2
simmobe01,Ben Simmons,PG,2018,2025,7
simmobo01,Bobby Simmons,SF,2002,2012,10
simmoce01,Cedric Simmons,PF,2007,2009,3
simmoco01,Connie Simmons,N/A,1950,1956,7
simmojo02,Jonathon Simmons,SG,2016,2019,4
simmoko01,Kobi Simmons,PG,2018,2024,4
simmoli01,Lionel Simmons,SF,1991,1997,7
simonan01,Anfernee Simons,SG,2019,2026,8
simonma01,Marko Simonovic,C,2022,2023,2
simonmi01,Miles Simon,SG,1999,1999,1
simpkdi01,Dickey Simpkins,PF,1995,2002,7
simpskj01,KJ Simpson,PG,2025,2026,2
simpsra01,Ralph Simpson,SG,1977,1980,4
simpsza01,Zavier Simpson,PG,2022,2024,2
simsal01,Alvin Sims,SG,1999,1999,1
simsbo01,Bob Sims,SG,1962,1962,1
simsco01,Courtney Sims,C,2008,2009,2
simsdo01,Doug Sims,N/A,1969,1969,1
simshe01,Henry Sims,C,2013,2016,4
simsja01,Jaylen Sims,SG,2025,2025,1
simsje01,Jericho Sims,PF,2022,2026,5
simssc01,Scott Sims,PG,1978,1978,1
singlch01,Chris Singleton,SF,2012,2014,3
singlja01,James Singleton,SF,2006,2012,5
singlky01,Kyle Singler,SF,2013,2018,6
singlmc01,McKinley Singleton,PG,1987,1987,1
singlse01,Sean Singletary,PG,2009,2009,1
sinicze01,Zeke Sinicola,N/A,1952,1954,2
sirvyde01,Deividas Sirvydis,SG,2021,2022,2
sittoch01,Charlie Sitton,SF,1985,1985,1
sivape01,Peyton Siva,SG,2014,2014,1
skapidm01,Dmytro Skapintsev,C,2024,2024,1
skilesc01,Scott Skiles,PG,1987,1996,10
skinnal01,Al Skinner,SG,1977,1980,4
skinnbr01,Brian Skinner,PF,1999,2012,14
skinnta01,Tal Skinner,SF,1975,1976,2
skoogwh01,Whitey Skoog,SG,1952,1957,6
sladeje01,Jeff Slade,N/A,1963,1963,1
slatere01,Reggie Slater,PF,1995,2003,8
slaugji01,Jim Slaughter,C,1952,1952,1
slaugjo01,Jose Slaughter,SG,1983,1983,1
slawsja01,Jalen Slawson,SF,2024,2026,2
slayta01,Tamar Slay,SG,2003,2005,3
sloando01,Donald Sloan,PG,2012,2016,5
sloanje01,Jerry Sloan,SG,1966,1976,11
slokaur01,Uroš Slokar,C,2007,2007,1
slubyto01,Tom Sluby,SG,1985,1985,1
smailal01,Alen Smailagić,C,2020,2021,2
smallja01,Javon Small,PG,2026,2026,1
smartja01,Javonte Smart,PG,2022,2024,2
smartke01,Keith Smart,PG,1989,1989,1
smartma01,Marcus Smart,PG,2015,2026,12
smawlbe01,Belus Smawley,SG,1950,1952,3
smileja01,Jack Smiley,N/A,1950,1950,1
smithad01,Adrian Smith,SG,1962,1971,10
smithbi01,Bill Smith,N/A,1962,1962,1
smithbi02,Bingo Smith,SF,1970,1980,11
smithbo01,Bobby Smith,N/A,1960,1962,2
smithch01,Charles Smith,PF,1989,1997,9
smithch02,Charles Smith,PG,1990,1996,3
smithch03,Chris Smith,SG,1993,1995,3
smithch04,Charles Smith,SG,1998,2006,5
smithch05,Chris Smith,PG,2014,2014,1
smithcl01,Clinton Smith,SG,1987,1991,2
smithcr01,Craig Smith,PF,2007,2012,6
smithde02,Derek Smith,SF,1983,1991,9
smithde03,Dennis Smith Jr.,PG,2018,2024,7
smithdo02,Don Smith,SG,1975,1975,1
smithdo03,Doug Smith,PF,1992,1996,5
smithdo04,Donta Smith,SG,2005,2006,2
smithdr01,Dru Smith,SG,2023,2026,4
smithed01,Ed Smith,SF,1954,1954,1
smithel01,Elmore Smith,C,1972,1979,8
smithga01,Garfield Smith,C,1971,1972,2
smithgr01,Greg Smith,PF,1969,1976,8
smithgr02,Greg Smith,C,2012,2016,5
smithis01,Ish Smith,PG,2011,2024,14
smithja01,Jabari Smith,C,2001,2005,4
smithja02,Jason Smith,PF,2008,2019,11
smithja04,Jalen Smith,PF,2021,2026,6
smithja05,Jabari Smith Jr.,PF,2023,2026,4
smithje01,Jerry Smith,PG,2012,2012,1
smithji01,Jim Smith,PF,1982,1983,2
smithjo02,Joe Smith,PF,1996,2011,16
smithjo03,Josh Smith,SF,2005,2018,13
smithjr01,J.R. Smith,SG,2005,2020,16
smithke01,Kenny Smith,PG,1988,1997,10
smithke03,Keith Smith,SG,1987,1987,1
smithla01,Larry Smith,PF,1981,1993,13
smithla02,LaBradford Smith,SG,1992,1994,3
smithle01,Leon Smith,C,2002,2004,2
smithma02,Malachi Smith,SG,2026,2026,1
smithmi01,Michael Smith,PF,1990,1995,3
smithmi02,Michael Smith,PF,1995,2001,7
smithmi03,Mike Smith,SF,2001,2001,1
smithni01,Nick Smith Jr.,SG,2024,2026,3
smithno01,Nolan Smith,PG,2012,2013,2
smithot01,Otis Smith,SG,1987,1992,6
smithph01,Phil Smith,SG,1975,1983,9
smithra01,Randy Smith,SF,1972,1983,12
smithre01,Reggie Smith,C,1993,1994,2
smithro01,Robert Smith,PG,1978,1985,7
smithru01,Russ Smith,PG,2015,2016,2
smithsa02,Sam Smith,SF,1979,1980,2
smithst01,Steve Smith,SG,1992,2005,14
smithst02,Stevin Smith,SG,1997,1997,1
smithst03,Steven Smith,PF,2007,2007,1
smithte01,Terquavion Smith,PG,2024,2024,1
smithth01,Theron Smith,SF,2004,2005,2
smithto02,Tony Smith,SG,1991,2001,9
smithto05,Tolu Smith,PF,2025,2026,2
smithty02,Tyler Smith,PF,2025,2026,2
smithwi01,William Smith,C,1972,1973,2
smithwi02,Willie Smith,PG,1977,1980,4
smithzh01,Zhaire Smith,SG,2019,2020,2
smitsri01,Rik Smits,C,1989,2000,12
smrekmi01,Mike Smrek,C,1986,1992,7
smythjo01,Joe Smyth,SF,1954,1954,1
sneedxa01,Xavier Sneed,SF,2022,2023,2
snellto01,Tony Snell,SG,2014,2022,9
snower01,Eric Snow,PG,1996,2008,13
snydedi01,Dick Snyder,SG,1967,1979,13
snydeki01,Kirk Snyder,SG,2005,2008,4
sobekch01,Chips Sobek,N/A,1950,1950,1
soberri01,Ricky Sobers,SG,1976,1986,11
sobiero01,Ron Sobie,SG,1957,1960,4
sochaje01,Jeremy Sochan,PF,2023,2026,4
sojoumi01,Mike Sojourner,C,1975,1977,3
solomwi01,Will Solomon,SG,2002,2009,2
somerwi01,Willie Somerset,PG,1966,1966,1
songada01,Darius Songaila,PF,2004,2011,8
sorenda01,Dave Sorenson,PF,1971,1973,3
southja01,James Southerland,SF,2014,2014,1
sowpa01,Pape Sow,C,2005,2007,3
spaldra01,Ray Spalding,PF,2019,2021,2
spanaji01,Jim Spanarkel,SG,1980,1984,5
spanova01,Vassilis Spanoulis,SG,2007,2007,1
sparrgu01,Guy Sparrow,SF,1958,1960,3
sparrro01,Rory Sparrow,PG,1981,1992,12
spearod01,Odie Spears,SF,1950,1957,7
spectar01,Art Spector,N/A,1950,1950,1
speigma01,Marreese Speights,C,2009,2018,10
spellom01,Omari Spellman,PF,2019,2020,2
spencan01,Andre Spencer,SF,1993,1994,2
spencca01,Cam Spencer,SG,2025,2026,2
spencel01,Elmore Spencer,C,1993,1997,5
spencfe01,Felton Spencer,C,1991,2002,12
spencpa01,Pat Spencer,PG,2024,2026,3
spitzcr01,Craig Spitzer,C,1968,1968,1
splitti01,Tiago Splitter,C,2011,2017,7
spoelar01,Art Spoelstra,C,1955,1958,4
sprewla01,Latrell Sprewell,SG,1993,2005,13
sprigla01,Larry Spriggs,SF,1982,1986,5
sprinja01,Jaden Springer,SG,2022,2025,4
stackje01,Jerry Stackhouse,SG,1996,2013,18
stackry01,Ryan Stack,PF,1999,2000,2
stacoke01,Kevin Stacom,SG,1975,1982,6
stallbu01,Bud Stallworth,SF,1973,1977,5
stallda01,Dave Stallworth,SF,1966,1975,8
stanced01,Ed Stanczak,N/A,1950,1951,2
stanlca01,Cassius Stanley,SG,2021,2022,2
stanste01,Terence Stansbury,SG,1985,1987,3
starkjo01,John Starks,SG,1989,2002,13
starrke01,Keith Starr,SG,1977,1977,1
stausni01,Nik Stauskas,SG,2015,2022,6
stavela01,Larry Staverman,PF,1959,1964,5
steella01,Larry Steele,SG,1972,1980,9
steigma01,Matt Steigenga,SF,1997,1997,1
stepavl01,Vladimir Stepania,C,1999,2004,6
stephal01,Alex Stepheson,PF,2016,2016,1
stephdj01,D.J. Stephens,SG,2014,2019,2
stephev01,Everette Stephens,PG,1989,1991,2
stephja01,Jack Stephens,SG,1956,1956,1
stephjo01,Joe Stephens,PF,1997,2000,3
stephla01,Lance Stephenson,SG,2011,2022,10
steppbr01,Brook Steppe,SG,1983,1989,5
steveba01,Barry Stevens,SF,1993,1993,1
stevede01,DeShawn Stevenson,SG,2001,2013,13
steveis01,Isaiah Stevens,PG,2025,2026,2
stevela01,Lamar Stevens,PF,2021,2025,5
stevewa01,Wayne Stevens,N/A,1960,1960,1
stewade01,Dennis Stewart,N/A,1971,1971,1
stewais01,Isaiah Stewart,C,2021,2026,6
stewake01,Kebu Stewart,PF,1998,1998,1
stewala01,Larry Stewart,PF,1992,1997,5
stewami01,Michael Stewart,C,1998,2005,8
stewano01,Norm Stewart,N/A,1957,1957,1
stiemgr01,Greg Stiemsma,C,2012,2015,4
stipast01,Steve Stipanovich,C,1984,1988,5
stithbr01,Bryant Stith,SG,1993,2002,10
stithsa01,Sam Stith,SG,1962,1962,1
stithto01,Tom Stith,SF,1963,1963,1
stivral01,Alex Stivrins,SF,1986,1993,2
stockda01,David Stockton,PG,2015,2018,2
stockjo01,John Stockton,PG,1985,2003,19
stojape01,Peja Stojaković,SF,1999,2011,13
stokeed01,Ed Stokes,C,1998,1998,1
stokegr01,Greg Stokes,PF,1986,1990,2
stokeja01,Jarnell Stokes,PF,2015,2017,3
stokema01,Maurice Stokes,C,1956,1958,3
stonedi01,Diamond Stone,C,2017,2017,1
stoneju01,Julyan Stone,SG,2012,2018,4
storeaw01,Awvee Storey,SG,2005,2008,3
stoudam01,Amar'e Stoudemire,PF,2003,2016,14
stoudda01,Damon Stoudamire,PG,1996,2008,13
stoudsa01,Salim Stoudamire,SG,2006,2008,3
stovapa01,Paul Stovall,SF,1973,1973,1
strawdj01,D.J. Strawberry,SG,2008,2008,1
strawjo01,Joe Strawder,C,1966,1968,3
strawju01,Julian Strawther,SF,2024,2026,3
stricbi01,Bill Stricker,N/A,1971,1971,1
stricer01,Erick Strickland,SG,1997,2005,9
stricma01,Mark Strickland,PF,1995,2003,8
stricro01,Roger Strickland,N/A,1964,1964,1
stricro02,Rod Strickland,PG,1989,2005,17
stroejo01,John Stroeder,PF,1988,1989,2
stronde01,Derek Strong,PF,1992,2001,10
strotla01,Lamont Strothers,SG,1992,1993,2
stroujo01,John Stroud,SF,1981,1981,1
strusma01,Max Strus,SF,2020,2026,7
stuckro01,Rodney Stuckey,PG,2008,2017,10
stumpge01,Gene Stump,N/A,1950,1950,1
suggsja01,Jalen Suggs,PG,2022,2026,5
suitega01,Gary Suiter,N/A,1971,1971,1
sullija01,Jared Sullinger,PF,2013,2017,5
summeda01,DaJuan Summers,SF,2010,2013,4
sumneed01,Edmond Sumner,PG,2018,2023,5
sumptba01,Barry Sumpter,PF,1989,1989,1
sundedo01,Don Sunderlage,SG,1954,1955,2
sundobr01,Bruno Šundov,C,1999,2005,7
sundvjo01,Jon Sundvold,PG,1984,1992,9
surabo01,Bob Sura,SG,1996,2005,10
surhodi01,Dick Surhoff,SF,1953,1954,2
suttlda01,Dane Suttle,SG,1984,1985,2
suttogr01,Greg Sutton,PG,1992,1996,3
swainbe01,Bennie Swain,PF,1959,1959,1
swanica01,Caleb Swanigan,PF,2018,2020,3
swansno01,Norm Swanson,SF,1954,1954,1
swartda01,Dan Swartz,SF,1963,1963,1
sweetmi01,Mike Sweetney,PF,2004,2007,4
swideco01,Cole Swider,SF,2023,2025,3
swiftro01,Robert Swift,C,2005,2009,4
swiftst01,Stromile Swift,PF,2001,2009,9
swinsaa01,Aaron Swinson,SF,1995,1995,1
swordcr01,Craig Sword,SG,2022,2022,1
sykeske01,Keifer Sykes,PG,2022,2022,1
sykesla01,Larry Sykes,PF,1996,1996,1
sypa01,Pape Sy,SF,2011,2011,1
szabobr01,Brett Szabo,C,1997,1997,1
szczewa02,Wally Szczerbiak,SF,2000,2009,10
tabakza01,Žan Tabak,C,1995,2001,6
tabusyu01,Yuta Tabuse,PG,2005,2005,1
taftch01,Chris Taft,C,2006,2006,1
tarladr01,Dragan Tarlać,C,2001,2001,1
tarplro01,Roy Tarpley,PF,1987,1995,6
tateja01,Jae'Sean Tate,SF,2021,2026,6
tatumea01,Earl Tatum,SG,1977,1980,4
tatumja01,Jayson Tatum,SF,2018,2026,9
tavarwa01,Edy Tavares,C,2016,2017,2
tayloan01,Anthony Taylor,PG,1989,1989,1
taylobr01,Brian Taylor,PG,1977,1982,6
taylodo01,Donell Taylor,SG,2006,2007,2
taylofa01,Fatty Taylor,PG,1977,1977,1
taylofr01,Fred Taylor,SG,1971,1972,2
taylois01,Isaiah Taylor,PG,2017,2018,2
tayloja01,Jay Taylor,SG,1990,1990,1
tayloje01,Jeff Taylor,SG,1983,1987,2
tayloje02,Jermaine Taylor,SG,2010,2011,2
tayloje03,Jeff Taylor,SF,2013,2015,3
taylojo01,Johnny Taylor,SF,1998,2000,3
taylole01,Leonard Taylor,PF,1990,1990,1
tayloma01,Maurice Taylor,PF,1998,2007,9
taylomi01,Mike Taylor,PG,2009,2009,1
taylote01,Terry Taylor,PF,2022,2025,4
tayloty01,Tyshawn Taylor,PG,2013,2014,2
taylovi01,Vince Taylor,SG,1983,1983,1
teaglte01,Terry Teagle,SG,1983,1993,11
teaguje01,Jeff Teague,PG,2010,2021,12
teaguma01,Marquis Teague,PG,2013,2018,3
teletmi01,Mirza Teletović,PF,2013,2018,6
telfase01,Sebastian Telfair,PG,2005,2015,10
telfoja01,Jahmyl Telfort,PF,2026,2026,1
templga01,Garrett Temple,SG,2010,2026,16
teodomi01,Miloš Teodosić,PG,2018,2019,2
terreir01,Ira Terrell,SF,1977,1979,2
terreja01,Jared Terrell,SG,2019,2019,1
terryca01,Carlos Terry,SG,1981,1983,3
terrych01,Chuck Terry,SF,1973,1977,3
terrycl01,Claude Terry,SG,1977,1978,2
terryda01,Dalen Terry,SG,2023,2026,4
terryem01,Emanuel Terry,PF,2019,2022,2
terryja01,Jason Terry,PG,2000,2018,19
terryty01,Tyrell Terry,PG,2021,2022,2
teskejo01,Jon Teske,C,2022,2022,1
thabeha01,Hasheem Thabeet,C,2010,2014,5
thackto01,Tom Thacker,PG,1964,1968,4
theisda01,Daniel Theis,C,2018,2025,8
theusre01,Reggie Theus,PG,1979,1991,13
thibepe01,Peter Thibeaux,SF,1985,1986,2
thiebbi01,Bill Thieben,PF,1957,1958,2
thierad01,Adou Thiero,SF,2026,2026,1
thigpju01,Justus Thigpen,SG,1973,1974,2
thirdda01,David Thirdkill,SF,1983,1987,5
thomaad01,Adonis Thomas,SF,2014,2014,1
thomabi01,Billy Thomas,SF,2005,2008,3
thomabr01,Brodric Thomas,SG,2021,2022,2
thomaca01,Carl Thomas,SG,1992,1998,3
thomaca02,Cam Thomas,SG,2022,2026,5
thomach01,Charles Thomas,SG,1992,1992,1
thomaet01,Etan Thomas,C,2002,2011,9
thomair01,Irving Thomas,PF,1991,1991,1
thomais01,Isiah Thomas,PG,1982,1994,13
thomais02,Isaiah Thomas,PG,2012,2024,12
thomaja01,Jamel Thomas,SF,2000,2001,2
thomaja02,James Thomas,PF,2005,2006,2
thomaji01,Jim Thomas,SG,1984,1991,4
thomajo01,Joe Thomas,SF,1971,1971,1
thomajo02,John Thomas,PF,1998,2006,5
thomake01,Kenny Thomas,PF,2000,2010,11
thomakh01,Khyri Thomas,SG,2019,2021,3
thomaku01,Kurt Thomas,PF,1996,2013,18
thomala01,Lance Thomas,PF,2012,2020,9
thomama01,Malcolm Thomas,PF,2012,2015,4
thomama02,Matt Thomas,SG,2020,2022,3
thomate01,Terry Thomas,PF,1976,1976,1
thomati01,Tim Thomas,SF,1998,2010,13
thomaty01,Tyrus Thomas,PF,2007,2015,8
thompam01,Amen Thompson,SF,2024,2026,3
thompau01,Ausar Thompson,SF,2024,2026,3
thompbe01,Bernard Thompson,SF,1985,1989,5
thompbi01,Billy Thompson,SF,1987,1992,6
thompbr01,Brooks Thompson,PG,1995,1998,4
thompco01,Corny Thompson,PF,1983,1983,1
thompda01,David Thompson,SG,1977,1984,8
thompdi01,Dijon Thompson,SG,2006,2007,2
thompet01,Ethan Thompson,SG,2026,2026,1
thompge01,George Thompson,SG,1975,1975,1
thompho01,Hollis Thompson,SF,2014,2017,4
thompja02,Jason Thompson,PF,2009,2016,8
thompjo01,John Thompson,PF,1965,1966,2
thompke01,Kevin Thompson,C,1994,1994,1
thompkl01,Klay Thompson,SG,2012,2026,13
thompla01,LaSalle Thompson,C,1983,1997,15
thompmy01,Mychal Thompson,C,1979,1991,12
thompmy02,Mychel Thompson,SG,2012,2012,1
thomppa01,Paul Thompson,SF,1984,1986,3
thompst01,Stephen Thompson,SG,1992,1992,1
thomptr01,Tristan Thompson,PF,2012,2025,13
thomptr02,Trey Thompkins,C,2012,2012,1
thorjt01,JT Thor,PF,2022,2025,4
thornal01,Al Thornton,PF,2008,2011,4
thornbo01,Bob Thornton,PF,1986,1996,8
thornma01,Marcus Thornton,SG,2010,2017,8
thornro01,Rod Thorn,SG,1964,1971,8
thornsi01,Sindarius Thornwell,SG,2018,2021,4
thorpot01,Otis Thorpe,PF,1985,2001,17
threase01,Sedale Threatt,PG,1984,1997,14
thurmna01,Nate Thurmond,PF,1964,1977,14
thybuma01,Matisse Thybulle,SG,2020,2026,7
tiemada01,Dan Tieman,PG,1963,1963,1
tillida01,Darren Tillis,C,1983,1984,2
tilliki02,Killian Tillie,C,2021,2022,2
tillmxa01,Xavier Tillman Sr.,PF,2021,2026,6
timmedr01,Drew Timme,PF,2025,2026,2
tinslja01,Jamaal Tinsley,PG,2002,2014,11
tisdawa01,Wayman Tisdale,PF,1986,1997,12
tobeymi01,Mike Tobey,C,2017,2017,1
toddis01,Isaiah Todd,PF,2022,2023,2
todormi01,Mike Todorovich,N/A,1950,1951,2
tolbera01,Ray Tolbert,PF,1982,1989,5
tolbeto01,Tom Tolbert,SF,1989,1995,7
tollian01,Anthony Tolliver,PF,2009,2021,13
tolsode01,Dean Tolson,PF,1975,1978,3
tomjaru01,Rudy Tomjanovich,PF,1971,1981,11
tomlina01,Nae'Qwan Tomlin,PF,2025,2026,2
toneyan01,Andrew Toney,SG,1981,1988,8
toneyse01,Sedric Toney,PG,1986,1994,5
tonjejo01,John Tonje,SG,2026,2026,1
toolsan01,Andy Toolson,SF,1991,1996,2
toomaja01,Jack Toomay,N/A,1950,1950,1
toonebe01,Bernard Toone,PF,1980,1980,1
topicni01,Nikola Topić,PG,2026,2026,1
toppija01,Jacob Toppin,SF,2024,2026,3
toppiob01,Obi Toppin,PF,2021,2026,6
tormobu01,Gene Tormohlen,C,1963,1970,6
torreos01,Óscar Torres,SG,2002,2003,2
toscaju01,Juan Toscano-Anderson,SG,2020,2024,5
toshebi01,Bill Tosheff,PG,1952,1954,3
toughbo01,Bob Tough,N/A,1950,1950,1
toupaax01,Axel Toupane,SF,2016,2021,3
towemo01,Monte Towe,PG,1977,1977,1
towerbl01,Blackie Towery,N/A,1950,1950,1
towerke01,Keith Tower,C,1994,1997,4
towneli01,Linton Townes,SF,1983,1985,3
townska01,Karl-Anthony Towns,C,2016,2026,11
townsra01,Raymond Townsend,SG,1979,1982,3
traorno01,Nolan Traoré,PG,2026,2026,1
trappge01,George Trapp,PF,1972,1977,6
trappjo01,John Trapp,SF,1969,1973,5
travelu01,Luke Travers,SG,2025,2026,2
traylro01,Robert Traylor,C,1999,2005,7
trentga01,Gary Trent,PF,1996,2004,9
trentga02,Gary Trent Jr.,SG,2019,2026,8
trepaje01,Jeff Trepagnier,SG,2002,2004,3
tresvjo01,John Tresvant,PF,1965,1973,9
trieral01,Allonzo Trier,SG,2019,2020,2
triptdi01,Dick Triptow,N/A,1950,1950,1
tripuke01,Kelly Tripucka,SF,1982,1991,10
trybace01,Cezary Trybański,C,2003,2004,2
tsakaja01,Jake Tsakalidis,C,2001,2007,7
tschojo01,John Tschogl,SF,1973,1975,3
tshieos01,Oscar Tshiebwe,PF,2024,2026,3
tsiorlo01,Lou Tsioropoulos,SF,1957,1959,3
tskitni01,Nikoloz Tskitishvili,SF,2003,2006,4
tuckeal01,Al Tucker,PF,1968,1971,4
tuckeal02,Alando Tucker,SF,2008,2010,3
tuckean01,Anthony Tucker,SF,1995,1995,1
tuckeji01,Jim Tucker,PF,1955,1957,3
tuckepj01,P.J. Tucker,SF,2007,2025,14
tuckera01,Rayjon Tucker,SG,2020,2022,3
tucketr01,Trent Tucker,SG,1983,1993,11
turiaro01,Ronny Turiaf,C,2006,2015,10
turkcmi01,Mirsad Türkcan,PF,2000,2000,1
turkohe01,Hedo Türkoğlu,SF,2001,2015,15
turnean01,Andre Turner,PG,1987,1992,6
turnebi01,Bill Turner,SF,1968,1973,6
turneel01,Elston Turner,SF,1982,1989,8
turneev01,Evan Turner,SG,2011,2020,10
turnehe02,Henry Turner,PF,1990,1995,2
turneja01,Jack Turner,SF,1955,1955,1
turneja02,Jack Turner,SG,1962,1962,1
turneje01,Jeff Turner,PF,1985,1996,10
turnejo01,John Turner,SF,1992,1992,1
turnemy01,Myles Turner,C,2016,2026,11
turnewa01,Wayne Turner,PG,2000,2000,1
turpime01,Melvin Turpin,C,1985,1990,5
twardda01,Dave Twardzik,PG,1977,1980,4
twymaja01,Jack Twyman,SF,1956,1966,11
tylerbj01,B.J. Tyler,PG,1995,1995,1
tylerje01,Jeremy Tyler,C,2012,2014,3
tylerte01,Terry Tyler,PF,1979,1989,11
tyrach01,Charlie Tyra,C,1958,1962,5
tysonhu01,Hunter Tyson,PF,2024,2026,3
tysonja01,Jaylon Tyson,SG,2025,2026,2
ubileed01,Edwin Ubiles,SF,2012,2012,1
udohek01,Ekpe Udoh,C,2011,2019,7
udokaim01,Ime Udoka,SF,2004,2011,7
udrihbe01,Beno Udrih,PG,2005,2017,13
ukicro01,Roko Ukić,PG,2009,2010,2
ulisty01,Tyler Ulis,PG,2017,2019,3
umudest01,Stanley Umude,SG,2023,2026,4
unselwe01,Wes Unseld,C,1969,1981,13
uplinha01,Hal Uplinger,SG,1954,1954,1
upshake01,Kelvin Upshaw,SG,1989,1991,3
uthofja01,Jarrod Uthoff,PF,2017,2020,2
uzohbe01,Ben Uzoh,PG,2011,2012,2
valanjo01,Jonas Valančiūnas,C,2013,2026,14
valenda01,Darnell Valentine,PG,1982,1991,9
valende01,Denzel Valentine,SG,2017,2022,5
valenro01,Ronnie Valentine,SF,1981,1981,1
vallejo01,John Vallely,SG,1971,1972,2
vanardi01,Dick Van Arsdale,SG,1966,1977,12
vanarto01,Tom Van Arsdale,SG,1966,1977,12
vanbrbu01,Butch van Breda Kolff,N/A,1950,1950,1
vanbrja01,Jan van Breda Kolff,SF,1977,1983,7
vancege01,Gene Vance,N/A,1950,1952,3
vandeer01,Ernie Vandeweghe,N/A,1950,1956,6
vandeja01,Jarred Vanderbilt,PF,2019,2026,8
vandeki01,Kiki Vandeweghe,SF,1981,1993,13
vandelo01,Logan Vander Velden,SF,1996,1996,1
vanexni01,Nick Van Exel,PG,1994,2006,13
vanhoke01,Keith Van Horn,PF,1998,2006,9
vanlino01,Norm Van Lier,PG,1970,1979,10
vanosni01,Nick Vanos,C,1986,1987,2
vanteda01,David Vanterpool,PG,2001,2001,1
vanvlfr01,Fred VanVleet,PG,2017,2025,9
vardara01,Ratko Varda,C,2002,2002,1
varejan01,Anderson Varejão,PF,2005,2021,14
varnaja01,Jarvis Varnado,PF,2013,2014,2
vasqugr01,Greivis Vásquez,PG,2011,2017,7
vassede01,Devin Vassell,SF,2021,2026,6
vaughch01,Chico Vaughn,SG,1963,1967,5
vaughda02,David Vaughn,PF,1996,1999,4
vaughja01,Jacque Vaughn,PG,1998,2009,12
vaughlo01,Loy Vaught,PF,1991,2001,11
vaughra01,Rashad Vaughn,SG,2016,2018,3
vergabo01,Bob Verga,SG,1974,1974,1
verhope01,Pete Verhoeven,PF,1982,1987,6
veselja01,Jan Veselý,PF,2012,2014,3
vetragu01,Gundars Vētra,SF,1993,1993,1
vezenal01,Sasha Vezenkov,PF,2024,2024,1
viannjo01,João Vianna,SF,1992,1992,1
villach01,Charlie Villanueva,PF,2006,2016,11
vincega01,Gabe Vincent,PG,2020,2026,7
vinceja01,Jay Vincent,PF,1982,1990,9
vincesa01,Sam Vincent,SG,1986,1992,7
vincima01,Marcus Vinicius,SF,2007,2008,2
vinsofr01,Fred Vinson,SG,1995,2000,2
vocega01,Gary Voce,PF,1990,1990,1
volkefl01,Floyd Volker,N/A,1950,1950,1
volkoal01,Alexander Volkov,C,1990,1992,2
vonleno01,Noah Vonleh,PF,2015,2023,8
vonniwh01,Whitey Von Nieda,N/A,1950,1950,1
voskuja01,Jake Voskuhl,C,2001,2009,9
vraneda01,Danny Vranes,SF,1982,1988,7
vranesl01,Slavko Vraneš,C,2004,2004,1
vrankst01,Stojko Vranković,C,1991,1999,5
vromabr01,Brett Vroman,C,1981,1981,1
vromaja01,Jackson Vroman,C,2005,2006,2
vucevni01,Nikola Vučević,C,2012,2026,15
vujacsa01,Sasha Vujačić,SG,2005,2017,10
vukcetr01,Tristan Vukcevic,C,2024,2026,3
wadede01,Dean Wade,PF,2020,2026,7
wadedw01,Dwyane Wade,PG,2004,2019,16
wadema01,Mark Wade,PG,1988,1990,2
wafervo01,Von Wafer,SG,2006,2012,6
wagercl01,Clint Wager,N/A,1950,1950,1
wagneda01,Danny Wagner,N/A,1950,1950,1
wagneda02,Dajuan Wagner,SG,2003,2007,4
wagnefr01,Franz Wagner,SF,2022,2026,5
wagnemi01,Milt Wagner,SG,1988,1991,2
wagnemo01,Moritz Wagner,C,2019,2026,8
wainris01,Ish Wainright,PF,2022,2024,3
waitedi01,Dion Waiters,SG,2013,2020,8
waitegr01,Granville Waiters,C,1984,1988,5
wakefan01,Andre Wakefield,SG,1979,1980,2
walkean01,Andy Walker,SF,1977,1977,1
walkean02,Antoine Walker,PF,1997,2008,12
walkebi01,Henry Walker,SF,2009,2015,5
walkebr01,Brady Walker,PF,1950,1952,3
walkech01,Chet Walker,SF,1963,1975,13
walkeda01,Darrell Walker,PG,1984,1993,10
walkefo01,Foots Walker,PG,1975,1984,10
walkeho01,Horace Walker,SF,1962,1962,1
walkeja01,Jabari Walker,SF,2023,2026,4
walkeja02,Jarace Walker,PF,2024,2026,3
walkeji01,Jimmy Walker,SG,1968,1976,9
walkeke01,Kenny Walker,SF,1987,1995,7
walkeke02,Kemba Walker,PG,2012,2023,12
walkelo01,Lonnie Walker IV,SG,2019,2025,7
walkemj01,M.J. Walker,SG,2022,2022,1
walkeph01,Phil Walker,SG,1978,1978,1
walkesa01,Samaki Walker,PF,1997,2006,10
walkewa01,Wally Walker,SF,1977,1984,8
walkne01,Neal Walk,C,1970,1977,8
wallabe01,Ben Wallace,PF,1997,2012,16
wallaca01,Cason Wallace,SG,2024,2026,3
wallage01,Gerald Wallace,SF,2002,2015,14
wallajo01,John Wallace,SF,1997,2004,7
wallake01,Keaton Wallace,PG,2025,2026,2
wallara01,Rasheed Wallace,PF,1996,2013,16
wallaty01,Tyrone Wallace,PG,2018,2022,4
walledw01,Dwight Waller,N/A,1969,1969,1
walleja01,Jamie Waller,SG,1988,1988,1
walljo01,John Wall,PG,2011,2023,11
walshji01,Jim Walsh,N/A,1958,1958,1
walshjo01,Jordan Walsh,SF,2024,2026,3
walshma01,Matt Walsh,SG,2006,2006,1
walteja01,Ja'Kobe Walter,SG,2025,2026,2
waltere01,Rex Walters,SG,1994,2000,7
walthis01,Isaac Walthour,N/A,1954,1954,1
walthpa01,Paul Walther,SG,1950,1955,6
waltobi01,Bill Walton,C,1975,1987,10
waltode01,Derrick Walton,PG,2018,2022,3
waltoll01,Lloyd Walton,PG,1977,1981,5
waltolu01,Luke Walton,PF,2004,2013,10
wanambr01,Brad Wanamaker,PG,2019,2022,4
wanzebo01,Bobby Wanzer,N/A,1950,1957,8
warbipe01,Perry Warbington,PG,1975,1975,1
wardch01,Charlie Ward,PG,1995,2005,11
wardge01,Gerry Ward,SG,1964,1967,4
wardhe01,Henry Ward,SG,1977,1977,1
wareca01,Casper Ware,PG,2014,2014,1
wareji01,Jim Ware,PF,1967,1968,2
wareke01,Kel'el Ware,C,2025,2026,2
warlebe01,Ben Warley,PF,1963,1967,5
warlibo01,Bob Warlick,SG,1966,1969,4
warneco01,Cornell Warner,C,1971,1977,7
warneja01,Jameel Warney,PF,2018,2018,1
warrejo01,John Warren,SG,1970,1974,5
warretj01,T.J. Warren,SF,2015,2024,9
warrewi01,Willie Warren,PG,2011,2011,1
warribr01,Bryan Warrick,PG,1983,1986,4
warriha01,Hakim Warrick,PF,2006,2013,8
washbch01,Chris Washburn,C,1987,1988,2
washbju01,Julian Washburn,SF,2019,2019,1
washibo01,Bobby Washington,PG,1971,1972,2
washida01,Darius Washington,SG,2008,2008,1
washidu01,Duane Washington,SG,1988,1993,2
washidu02,Duane Washington Jr.,PG,2022,2023,2
washier01,Eric Washington,SG,1998,1999,2
washiji01,Jim Washington,PF,1966,1976,11
washike01,Kermit Washington,PF,1974,1988,10
washipe01,Pearl Washington,PG,1987,1989,3
washipj01,P.J. Washington,PF,2020,2026,7
washiri01,Richard Washington,PF,1977,1982,6
washist01,Stan Washington,SG,1975,1975,1
washity02,TyTy Washington Jr.,PG,2023,2026,4
washiwi01,Wilson Washington,PF,1978,1979,2
watanyu01,Yuta Watanabe,SF,2019,2024,6
waterli01,Lindy Waters III,SG,2022,2026,5
watertr01,Tremont Waters,PG,2020,2022,3
watfotr01,Trendon Watford,SF,2022,2026,5
watkida01,Darryl Watkins,C,2008,2012,2
watkija01,Jamir Watkins,SG,2026,2026,1
watsoan02,Anton Watson,SF,2025,2025,1
watsobo01,Bobby Watson,PG,1955,1955,1
watsocj01,C.J. Watson,PG,2008,2017,10
watsoea01,Earl Watson,PG,2002,2014,13
watsoja01,Jamie Watson,SF,1995,1999,4
watsopa01,Paul Watson,SF,2020,2022,3
watsope01,Peyton Watson,SG,2023,2026,4
wattsro01,Ron Watts,N/A,1966,1967,2
wattssl01,Slick Watts,PG,1974,1979,6
waynsma01,Maalik Wayns,PG,2013,2014,2
wearda01,David Wear,PF,2015,2015,1
weartr01,Travis Wear,SF,2015,2018,2
weathcl01,Clarence Weatherspoon,SF,1993,2005,13
weathni01,Nick Weatherspoon,SF,1974,1980,7
weathqu01,Quinndary Weatherspoon,SG,2020,2022,3
weaveky01,Kyle Weaver,SG,2009,2011,3
webbech01,Chris Webber,C,1994,2008,15
webbja01,James Webb III,SF,2018,2018,1
webbje01,Jeff Webb,SG,1971,1972,2
webbma01,Marcus Webb,PF,1993,1993,1
webbsp01,Spud Webb,PG,1986,1998,12
weberbr01,Briante Weber,PG,2016,2018,3
webstje01,Jeff Webster,SF,1996,1996,1
webstma01,Marvin Webster,C,1977,1987,9
webstma02,Martell Webster,SF,2006,2015,10
wedmasc01,Scott Wedman,SF,1975,1987,13
weemsso01,Sonny Weems,SG,2009,2016,4
weidnbr01,Brant Weidner,PF,1984,1984,1
weissbo01,Bob Weiss,N/A,1966,1977,12
weitzri01,Rick Weitzman,SG,1968,1968,1
wellsbo01,Bonzi Wells,SF,1999,2008,10
wellsbu01,Bubba Wells,SG,1998,1998,1
wellsja01,Jaylen Wells,SG,2025,2026,2
wellsow01,Owen Wells,SF,1975,1975,1
wellsra01,Ralph Wells,N/A,1963,1963,1
welpch01,Chris Welp,C,1988,1990,3
welscji01,Jiří Welsch,SF,2003,2006,4
welshth01,Thomas Welsh,C,2019,2019,1
wembavi01,Victor Wembanyama,C,2024,2026,3
wennibi01,Bill Wennington,C,1986,2000,13
wenstma01,Matt Wenstrom,C,1994,1994,1
werdaro01,Robert Werdann,C,1993,1997,3
weslebl01,Blake Wesley,SG,2023,2026,4
wesleda01,David Wesley,PG,1994,2007,14
weslewa01,Walt Wesley,C,1967,1976,10
westbru01,Russell Westbrook,PG,2009,2026,18
westda01,David West,PF,2004,2018,15
westde01,Delonte West,SG,2005,2012,8
westdo01,Doug West,SG,1990,2001,12
westje01,Jerry West,SG,1961,1974,14
westma01,Mark West,C,1984,2000,17
westma02,Mario West,SG,2008,2011,4
westppa01,Paul Westphal,SG,1973,1984,12
westro01,Roland West,N/A,1968,1968,1
wetzejo01,John Wetzel,SF,1968,1976,7
whalero01,Robert Whaley,C,2006,2006,1
whatlen01,Ennis Whatley,PG,1984,1997,10
wheatde01,DeJuan Wheat,PG,1998,1999,2
wheelcl01,Clinton Wheeler,PG,1988,1989,2
wheelph02,Phillip Wheeler,PF,2025,2025,1
wheelty01,Tyson Wheeler,PG,1999,1999,1
whitask01,Skippy Whitaker,PG,1955,1955,1
whitean01,Andrew White,SF,2018,2018,1
whiteco01,Coby White,PG,2020,2026,7
whiteda01,Dariq Whitehead,SF,2024,2026,3
whitede01,Derrick White,PG,2018,2026,9
whitedj01,D.J. White,PF,2009,2014,6
whitedo01,Donald Whiteside,PG,1997,1998,2
whiteer01,Eric White,SF,1988,1989,2
whiteha01,Hassan Whiteside,C,2011,2022,10
whitehe01,Herb White,PG,1971,1971,1
whitehu01,Hubie White,SG,1963,1964,2
whiteis01,Isaiah Whitehead,PG,2017,2018,2
whiteja01,Jahidi White,PF,1999,2005,7
whiteja02,James White,SG,2007,2013,3
whiteja03,Jack White,SF,2023,2024,2
whiteje01,Jerome Whitehead,C,1979,1989,11
whitejo01,Jo Jo White,PG,1970,1981,12
whiteok01,Okaro White,PF,2017,2019,3
whitera01,Randy White,PF,1990,1994,5
whitero01,Rory White,SF,1983,1987,5
whitero02,Rodney White,SF,2002,2005,4
whitero03,Royce White,PF,2014,2014,1
whiteru01,Rudy White,SG,1976,1981,5
whiteto01,Tony White,PG,1988,1988,1
whitewi01,Willie White,SG,1985,1986,2
whitfdw01,Dwayne Whitfield,PF,1996,1996,1
whitmca01,Cam Whitmore,SF,2024,2026,3
whitnch01,Chris Whitney,PG,1994,2004,11
whitnha02,Hawkeye Whitney,SG,1981,1982,2
whittgr01,Greg Whittington,PF,2021,2021,1
whittsh01,Shayne Whittington,PF,2015,2016,2
wickssi01,Sidney Wicks,PF,1972,1981,10
wiermu01,Murray Wier,N/A,1950,1950,1
wiesebo01,Bob Wiesenhahn,SF,1962,1962,1
wieskjo01,Joe Wieskamp,SG,2022,2023,2
wiggiaa01,Aaron Wiggins,SG,2022,2026,5
wiggian01,Andrew Wiggins,SF,2015,2026,12
wiggili01,Lindell Wigginton,PG,2022,2024,3
wiggimi01,Mitchell Wiggins,SG,1984,1992,6
wilbuke01,Ken Wilburn,SF,1968,1969,2
wilcoch01,Chris Wilcox,PF,2003,2013,11
wilcocj01,C.J. Wilcox,SG,2015,2017,3
wilcudc01,D.C. Wilcutt,N/A,1950,1950,1
wileyge01,Gene Wiley,C,1963,1966,4
wileyja01,Jacob Wiley,PF,2018,2018,1
wileymi01,Michael Wiley,PF,1981,1982,2
wileymo01,Morlon Wiley,PG,1989,1995,7
wilfowi01,Win Wilfong,PG,1958,1961,4
wilkebo01,Bob Wilkerson,SF,1977,1983,7
wilkeja01,Jamaal Wilkes,SF,1975,1986,12
wilkeja02,James Wilkes,SF,1981,1983,3
wilkele01,Lenny Wilkens,PG,1961,1975,15
wilkida01,Dale Wilkinson,PF,1985,1985,1
wilkida02,Damien Wilkins,SF,2005,2018,10
wilkido01,Dominique Wilkins,SF,1983,1999,15
wilkied01,Eddie Lee Wilkins,C,1985,1993,6
wilkige01,Gerald Wilkins,SG,1986,1999,13
wilkije01,Jeff Wilkins,C,1981,1986,6
wilksmi01,Mike Wilks,SG,2003,2010,7
williaa01,Aaron Williams,PF,1994,2008,14
willial02,Alvin Williams,SG,1998,2007,9
willial03,Alan Williams,PF,2016,2019,4
willial06,Alondes Williams,SG,2023,2026,4
william01,Amari Williams,PF,2026,2026,1
williar01,Art Williams,PG,1968,1974,7
willibe01,Bernie Williams,SG,1970,1971,2
willibo01,Bob Williams,N/A,1956,1957,2
willibr01,Brandon Williams,SG,1998,2003,3
willibr03,Brandon Williams,PG,2022,2026,4
willibu01,Buck Williams,PF,1982,1998,17
willich02,Chuck Williams,PG,1977,1978,2
willich03,Chuckie Williams,SG,1977,1977,1
willicj01,C.J. Williams,SG,2018,2019,2
willicl01,Cliff Williams,N/A,1969,1969,1
willico01,Corey Williams,PG,1993,1994,2
willico02,Corliss Williamson,SF,1996,2007,12
willico04,Cody Williams,SG,2025,2026,2
willide01,Deron Williams,PG,2006,2017,12
willide02,Derrick Williams,PF,2012,2018,7
willido02,Donovan Williams,SG,2023,2023,1
willidu01,Duck Williams,PG,1980,1980,1
williea01,Earl Williams,C,1975,1979,4
williel01,Elliot Williams,SG,2012,2016,4
willier01,Eric Williams,SF,1996,2007,12
willifr01,Freeman Williams,SG,1979,1986,6
willifr02,Frank Williams,PG,2003,2005,3
willigr01,Grant Williams,PF,2020,2026,7
willigu01,Gus Williams,PG,1976,1987,11
willigu02,Guy Williams,SF,1985,1986,2
willihe01,Herb Williams,C,1982,1999,18
williho01,Hot Rod Williams,PF,1987,1999,13
willija01,Jayson Williams,PF,1991,1999,9
willija02,Jason Williams,PG,1999,2011,12
willija03,Jay Williams,PG,2003,2003,1
willija04,Jawad Williams,SF,2009,2011,3
willija06,Jalen Williams,SG,2023,2026,4
willija07,Jaylin Williams,C,2023,2026,4
willije01,Jerome Williams,PF,1997,2005,9
willije02,Jeenathan Williams,SG,2023,2025,3
willije02,Nate Williams,SG,2026,2026,1
willijo01,John Williamson,SG,1977,1981,5
willijo02,John Williams,SF,1987,1995,8
willijo03,Jordan Williams,C,2012,2012,1
willijo04,Johnathan Williams,C,2019,2020,2
williju01,Justin Williams,C,2007,2008,2
willike01,Kevin Williams,SG,1984,1989,5
willike02,Kevin Willis,PF,1985,2007,21
willike03,Kenny Williams,PF,1991,1994,4
willike04,Kenrich Williams,SF,2019,2026,8
willilo01,Lorenzo Williams,PF,1993,2000,7
willilo02,Lou Williams,PG,2006,2022,17
willilu01,Lucas Williamson,SG,2026,2026,1
willima01,Mo Williams,SG,2004,2016,13
willima02,Marvin Williams,PF,2006,2020,15
willima03,Marcus Williams,PG,2007,2010,4
willima04,Marcus Williams,PF,2008,2009,2
willima05,Matt Williams,SG,2018,2018,1
willima07,Mark Williams,C,2023,2026,4
willima11,Malik Williams,C,2024,2024,1
willimi01,Milt Williams,PG,1971,1974,3
willimi02,Micheal Williams,PG,1989,1999,10
willimi03,Mike Williams,SF,1990,1990,1
willimo01,Monty Williams,SF,1995,2003,9
willina01,Nate Williams,SG,1972,1979,8
willini01,Nigel Williams-Goss,PG,2020,2020,1
willipa01,Patrick Williams,PF,2021,2026,6
willipe01,Pete Williams,PF,1986,1987,2
willira01,Ray Williams,PG,1978,1987,10
willire01,Reggie Williams,SF,1988,1997,10
willire02,Reggie Williams,SF,2010,2017,7
williri01,Rickey Williams,SG,1983,1983,1
williro01,Ron Williams,PG,1969,1976,8
williro02,Rob Williams,PG,1983,1984,2
williro04,Robert Williams,C,2019,2026,8
willisa01,Sam Williams,SG,1969,1970,2
willisa02,Sam Williams,PF,1982,1985,4
willisc01,Scott Williams,PF,1991,2005,15
willise01,Sean Williams,C,2008,2012,4
willish01,Shammond Williams,PG,1999,2007,7
willish02,Shelden Williams,PF,2007,2012,6
willish03,Shawne Williams,SG,2007,2015,7
willisl01,Sly Williams,SF,1980,1986,7
willite01,Terrence Williams,SF,2010,2013,4
willitr01,Travis Williams,SF,1998,1999,2
willitr02,Troy Williams,SF,2017,2019,3
willivi01,Vince Williams Jr.,SG,2023,2026,4
williwa02,Walt Williams,SF,1993,2003,11
williwi01,Willie Williams,N/A,1971,1971,1
willizi01,Zion Williamson,PF,2020,2026,6
willizi02,Ziaire Williams,SF,2022,2026,5
willobi01,Bill Willoughby,SF,1976,1984,8
willode01,Dedric Willoughby,PG,2000,2000,1
wilsobo01,Bob Wilson,PG,1952,1952,1
wilsobo03,Bobby Wilson,SG,1975,1978,4
wilsobu01,Bubba Wilson,SG,1980,1980,1
wilsodj01,D.J. Wilson,PF,2018,2024,6
wilsoge01,George Wilson,C,1965,1971,7
wilsois01,Isaiah Wilson,SG,1972,1972,1
wilsoja02,Jamil Wilson,SF,2018,2018,1
wilsoja03,Jalen Wilson,PF,2024,2026,3
wilsomi01,Michael Wilson,PG,1984,1987,3
wilsoni01,Nikita Wilson,SF,1988,1988,1
wilsoot01,Othell Wilson,PG,1985,1987,2
wilsori01,Rick Wilson,SG,1979,1980,2
wilsori02,Ricky Wilson,PG,1988,1988,1
wilsotr01,Trevor Wilson,PF,1991,1996,4
wiltjky01,Kyle Wiltjer,PF,2017,2017,1
winchke01,Kennard Winchester,SF,1991,1993,3
windito01,Tony Windis,PG,1960,1960,1
windldy01,Dylan Windler,SF,2021,2024,4
windsjo01,John Windsor,PF,1964,1964,1
winfile01,Lee Winfield,PG,1970,1976,7
wingada01,David Wingate,SG,1987,2001,15
wingfdo01,Dontonio Wingfield,SF,1995,1998,4
wingoha01,Harthorne Wingo,PF,1973,1976,4
winklma01,Marv Winkler,N/A,1971,1971,1
winslju01,Justise Winslow,SF,2016,2023,8
winslri01,Rickie Winslow,SF,1988,1988,1
winstca01,Cassius Winston,PG,2021,2022,2
wintebr01,Brian Winters,SG,1975,1983,9
wintetr01,Trevor Winter,C,1999,1999,1
wintevo01,Voise Winters,SF,1986,1986,1
wisemja01,James Wiseman,C,2021,2026,5
wisewi01,Willie Wise,SF,1977,1978,2
witheje01,Jeff Withey,C,2014,2018,5
wittelu01,Luke Witte,C,1974,1976,3
wittmra01,Randy Wittman,SG,1984,1992,9
wittsga01,Garry Witts,SF,1982,1982,1
wohlda01,Dave Wohl,PG,1972,1978,7
wolfda01,Danny Wolf,PF,2026,2026,1
wolfjo01,Joe Wolf,C,1988,1999,11
wolkoru01,Rubén Wolkowyski,PF,2001,2003,2
woltena01,Nate Wolters,PG,2014,2018,3
wongis01,Isaiah Wong,SG,2024,2025,2
woodal01,Al Wood,SG,1982,1987,6
woodaro01,Robert Woodard II,SF,2021,2022,2
woodbo01,Bob Wood,N/A,1950,1950,1
woodch01,Christian Wood,PF,2016,2024,8
woodda01,David Wood,PF,1989,1997,7
woodho01,Howard Wood,SF,1982,1982,1
woodle01,Leon Wood,PG,1985,1991,6
woodslo01,Loren Woods,C,2002,2008,6
woodsmi01,Mike Woodson,SG,1981,1991,11
woodsqy01,Qyntel Woods,PF,2003,2006,4
woodsra01,Randy Woods,PG,1993,1996,4
woolror01,Orlando Woolridge,SF,1982,1994,13
workmha01,Haywoode Workman,PG,1990,2000,8
workmma01,Mark Workman,PF,1953,1954,2
workmto01,Tom Workman,N/A,1968,1970,3
worthja01,James Worthy,SF,1983,1994,12
worthsa01,Sam Worthen,PG,1981,1982,2
wrighan01,Antoine Wright,SG,2006,2011,6
wrighbr01,Brad Wright,PF,1987,1988,2
wrighbr02,Bracey Wright,SG,2006,2007,2
wrighbr03,Brandan Wright,PF,2008,2018,10
wrighch01,Chris Wright,SF,2012,2014,2
wrighch02,Chris Wright,SG,2013,2013,1
wrighde01,Delon Wright,PG,2016,2025,10
wrighdo01,Dorell Wright,SF,2005,2015,11
wrighho02,Howard Wright,PF,1991,1993,2
wrighjo01,Joby Wright,PF,1973,1973,1
wrighju01,Julian Wright,SF,2008,2011,4
wrighju02,Justin Wright-Foreman,PG,2020,2020,1
wrighla01,Larry Wright,PG,1977,1982,6
wrighlo02,Lorenzen Wright,C,1997,2009,13
wrighlu01,Luther Wright,C,1994,1994,1
wrighmc01,McKinley Wright IV,PG,2022,2023,2
wrighmo01,Moses Wright,PF,2022,2022,1
wrighsh01,Sharone Wright,C,1995,1998,4
wroteto01,Tony Wroten,SG,2013,2016,4
wyndeaj01,A.J. Wynder,PG,1991,1991,1
yabusgu01,Guerschon Yabusele,PF,2018,2026,4
yangha01,Yang Hansen,C,2026,2026,1
yarbrvi01,Vincent Yarbrough,SG,2003,2003,1
yardlge01,George Yardley,SF,1954,1960,7
yatesba01,Barry Yates,PF,1972,1972,1
yateswa01,Wayne Yates,C,1962,1962,1
yelvech01,Charlie Yelverton,SG,1972,1972,1
yonakri01,Rich Yonakor,PF,1982,1982,1
yorkga01,Gabe York,SG,2022,2023,2
youngch01,Chris Youngblood,SG,2026,2026,1
youngda01,Danny Young,PG,1985,1995,10
youngja01,James Young,SG,2015,2018,4
youngja05,Jahmir Young,PG,2025,2026,2
youngjo01,Joe Young,PG,2016,2018,3
youngko01,Korleone Young,SF,1999,1999,1
youngmi01,Michael Young,SF,1985,1990,3
youngni01,Nick Young,SG,2008,2019,12
youngpe01,Perry Young,SG,1987,1987,1
youngsa01,Sam Young,SF,2010,2013,4
youngth01,Thaddeus Young,PF,2008,2024,17
youngti01,Tim Young,C,2000,2000,1
youngtr01,Trae Young,PG,2019,2026,8
yuesu01,Sun Yue,SG,2009,2009,1
yurtsom01,Omer Yurtseven,C,2022,2026,4
zasloma01,Max Zaslofsky,SG,1950,1956,7
zawolze01,Zeke Zawoluk,PF,1953,1955,3
zelleco01,Cody Zeller,C,2014,2024,11
zelleda01,Dave Zeller,PG,1962,1962,1
zellega01,Gary Zeller,SG,1971,1972,2
zellelu01,Luke Zeller,C,2013,2013,1
zellety01,Tyler Zeller,C,2013,2020,8
zenoto01,Tony Zeno,SF,1980,1980,1
zevenph01,Phil Zevenbergen,C,1988,1988,1
zhizhwa01,Wang Zhizhi,C,2001,2005,5
zidekge01,George Zídek,C,1996,1998,3
zikarro01,Rocco Zikarsky,C,2026,2026,1
zimmede01,Derrick Zimmerman,PG,2006,2006,1
zimmest01,Stephen Zimmerman,C,2017,2017,1
zipsepa01,Paul Zipser,SF,2017,2018,2
zizican01,Ante Žižić,C,2018,2020,3
zoetji01,Jim Zoet,C,1983,1983,1
zopfbi01,Bill Zopf,PG,1971,1971,1
zubaciv01,Ivica Zubac,C,2017,2026,10
